stage_name,map_key,level,efm,slot,index,name,class_name,strategy_name,world_x,world_y,combat_pw,defense_df,skill_kp,hp_mp,foot_s,technique_code,technique_name,special_codes_raw,missing_direct_assignments
国友鉄砲隊,x11y4,3,98,m30,0,国友藤兵衛,鉄砲,守備,1329,576,54,62,89,35,2,5,狙撃,s2s3s5s19s9s13s28s,
姉小路頼綱軍,x15y3,2,99,m30,0,姉小路頼綱,軍師,迎撃,1437,576,65,71,72,35,3,19,虚報,s1s2s3s19s13s15s,
筒井順慶軍,x4y10,2,100,m30,0,筒井順慶,武将,守備,1437,576,69,73,65,54,3,14,号令,s1s2s3s22s,
筒井順慶軍,x4y10,2,100,m31,1,島左近,武将,迎撃,1149,576,110,85,72,83,4,22,豪傑,s1s2s3s4s7s10s11s19s9s13s20s26s,
九鬼水軍,x9y15,2,101,m30,0,九鬼嘉隆,武将,守備,1473,576,82,76,89,70,4,14,号令,s1s2s3s4s7s10s9s13s15s17s21s26s,
九鬼水軍,x9y15,2,101,m31,1,九鬼守隆,武将,突撃,1221,576,72,64,71,50,3,14,号令,s1s2s7s9s17s,
松永久秀軍,x4y12,5,102,m30,0,松永久秀,軍師,守備,1473,576,34,56,92,74,3,18,妖術,s2s3s11s19s12s20s17s22s27s,
松永久秀軍,x4y12,5,102,m31,1,松永久通,武将,迎撃,1293,720,56,58,64,48,3,14,号令,s2s3s20s,
松永久秀軍,x4y12,5,102,m32,2,果心居士,忍者,迎撃,1257,576,79,84,90,55,6,20,幻術,s1s3s4s19s22s27s,
松永久秀軍,x4y12,5,102,m33,3,高山友照,武将,迎撃,1293,432,66,68,64,58,4,14,号令,s1s2s3s13s15s16s,
伊賀藤林忍軍,x6y11,2,103,m30,0,藤林長門,忍者,迎撃,1437,576,89,89,91,65,5,13,影走,s1s2s3s10s11s19s13s15s17s28s,
伊賀百地忍軍,x6y10,5,104,m30,0,百地丹波,忍者,迎撃,1437,576,92,118,81,65,5,27,結界,s1s2s3s10s11s19s13s9s15s16s28s,
伊賀百地忍軍,x6y10,5,104,m31,1,石川五右衛門,猛者,突撃,1221,576,89,75,95,75,6,23,無双,s8s17s22s29s,
風魔忍軍,x16y16,6,105,m30,0,風魔小太郎,忍者,迎撃,1437,576,120,120,78,75,5,27,結界,s1s2s3s7s8s10s11s19s13s15s16s18s22s21s26s,
雑賀衆,x0y13,6,106,m30,0,雑賀孫一,鉄砲,守備,1329,576,91,82,125,71,5,17,砲撃,s1s2s3s4s5s10s11s15s16s19s21s26s,
雑賀衆,x0y13,6,106,m31,1,鈴木佐大夫,武将,守備,1257,468,89,81,78,71,4,14,号令,s1s2s3s11s9s13s15s18s,
雑賀衆,x0y13,6,106,m32,2,鈴木重朝,武将,守備,1257,648,69,79,79,69,4,14,号令,s1s2s3s13s14s16s18s,
稲富流砲術隊,x5y3,4,107,m30,0,稲富祐直,鉄砲,守備,1329,576,69,71,89,45,2,5,狙撃,s2s3s5s19s9s13s21s28s,
服部半蔵軍,x14y13,4,108,m30,0,服部半蔵,武将,守備,1437,576,118,125,112,70,6,18,妖術,s1s2s3s8s10s11s19s15s20s17s21s22s26s,
本多正信軍,x14y14,4,109,m30,0,本多正信,軍師,迎撃,1401,504,54,78,115,54,4,24,治癒,s2s3s19s13s15s20s14s16s17s18s28s,
本多正信軍,x14y14,4,109,m31,1,本多正純,軍師,迎撃,1401,648,36,54,82,41,3,19,虚報,s2s3s13s20s16s17s27s,
武田勝頼軍,x16y8,4,110,m30,0,武田勝頼,騎馬,突撃,1437,576,91,71,79,81,5,26,騎突,s1s4s7s8s10s9s13s15s22s26s31s32s,
武田勝頼軍,x16y8,4,110,m31,1,高坂昌信,軍師,迎撃,1437,612,71,85,89,61,3,9,業火,s1s2s3s7s8s19s13s15s14s16s18s25s,
武田勝頼軍,x16y8,4,110,m32,2,小山田信茂,軍師,迎撃,1437,540,73,75,79,69,4,14,号令,s1s2s3s7s8s19s11s13s15s14s18s28s,
武田勝頼軍,x16y8,4,110,m33,3,飛加藤段蔵,忍者,突撃,1221,576,125,100,125,65,6,20,幻術,s1s2s3s4s7s8s10s11s19s12s9s20s17s22s27s21s,
武田勝頼軍,x16y8,4,110,m34,4,仁科盛信,騎馬,突撃,1149,360,84,65,71,74,5,26,騎突,s1s2s3s7s8s11s13s15s20s14s31s32s,
北条氏政軍,x16y15,3,111,m30,0,北条氏政,武将,守備,1473,612,69,84,71,71,3,14,号令,s2s3s11s19s13s15s20s16s18s,
北条氏政軍,x16y15,3,111,m31,1,大道寺政繁,武将,迎撃,1473,540,71,75,79,61,3,14,号令,s1s2s3s11s19s13s15s20s14s16s18s,
北条氏政軍,x16y15,3,111,m32,2,松田憲秀,軍師,迎撃,1401,1008,23,65,79,59,4,19,虚報,s1s2s3s17s22s27s,
北条氏政軍,x16y15,3,111,m33,3,風魔小太郎,忍者,突撃,1041,252,120,120,78,70,5,27,結界,s1s2s3s7s8s10s11s19s13s15s16s18s22s21s26s,
宇喜多秀家軍,x1y5,2,112,m30,0,宇喜多秀家,軍師,迎撃,1437,576,34,68,82,35,3,8,火計,s1s2s3s13s15s18s25s,
足利義昭軍,x5y8,3,113,m30,0,足利義昭,軍師,迎撃,1437,576,34,44,81,81,3,19,虚報,s2s3s11s19s20s17s18s22s27s,
足利義昭軍,x5y8,3,113,m31,1,細川藤孝,軍師,迎撃,1437,540,69,84,91,71,4,24,治癒,s1s2s3s19s13s15s20s14s16s17s18s21s28s,
足利義昭軍,x5y8,3,113,m32,2,和田惟政,忍者,守備,1581,576,73,75,69,39,5,13,影走,s1s2s3s8s9s13s20s17s28s,
上杉景勝軍,x16y0,6,114,m30,0,上杉景勝,騎馬,突撃,1113,576,94,81,63,91,5,26,騎突,s1s2s3s4s7s8s10s11s19s9s13s15s20s14s26s31s32s,
上杉景勝軍,x16y0,6,114,m31,1,直江兼続,軍師,迎撃,1437,576,82,105,110,81,4,24,治癒,s1s2s3s8s10s11s19s13s15s20s14s16s18s21s26s,
上杉景勝軍,x16y0,6,114,m32,2,軒猿衆壱,忍者,突撃,1041,180,80,70,60,45,5,13,影走,s1s7s8s19s22s28s,
上杉景勝軍,x16y0,6,114,m33,3,軒猿衆弐,忍者,突撃,1041,1008,80,70,60,45,5,13,影走,s1s7s8s19s22s29s,
毛利輝元軍,x1y1,5,115,m30,0,毛利輝元,武将,守備,1437,576,69,71,63,69,3,14,号令,s2s3s11s13s15s20s18s,
毛利輝元軍,x1y1,5,115,m31,1,吉川元春,武将,迎撃,1113,828,82,89,74,75,4,14,号令,s1s2s3s8s11s19s9s13s15s14s18s28s,
毛利輝元軍,x1y1,5,115,m32,2,小早川隆景,軍師,迎撃,1113,360,71,85,92,65,4,9,業火,s1s2s3s8s11s19s13s15s20s14s16s17s18s29s,
真田昌幸軍,x16y6,5,116,m30,0,真田昌幸,軍師,迎撃,1365,576,82,102,94,72,4,10,炎術,s1s2s3s8s11s19s13s15s14s16s17s18s21s25s,
真田昌幸軍,x16y6,5,116,m31,1,真田信幸,武将,迎撃,1401,576,71,85,72,71,3,14,号令,s2s3s13s20s14s17s,
真田昌幸軍,x16y6,5,116,m32,2,真田幸村,武将,迎撃,1077,576,112,113,94,89,5,22,豪傑,s1s2s3s4s7s8s10s11s19s12s9s13s15s20s14s16s21s26s,
真田昌幸軍,x16y6,5,116,m33,3,猿飛佐助,忍者,突撃,1041,612,99,99,99,60,6,13,影走,s1s7s8s19s9s13s20s17s21s22s26s,
真田昌幸軍,x16y6,5,116,m34,4,霧隠才蔵,忍者,突撃,1041,648,71,75,102,55,5,20,幻術,s1s8s11s19s17s29s,
真田昌幸軍,x16y6,5,116,m35,5,三好清海,猛者,乱戦,1041,504,121,62,59,91,4,23,無双,s1s4s7s8s10s9s13s20s,
真田昌幸軍,x16y6,5,116,m36,6,三好伊三,猛者,乱戦,1041,540,111,75,49,71,3,23,無双,s1s4s7s8s11s13s20s,
真田昌幸軍,x16y6,5,116,m37,7,海野六郎,足軽,突撃,1077,504,69,81,61,59,4,21,槍術,s1s2s3s7s13s20s,
真田昌幸軍,x16y6,5,116,m38,8,根津甚八,足軽,突撃,1113,612,83,69,65,68,4,21,槍術,s1s2s3s19s20s17s,
真田昌幸軍,x16y6,5,116,m39,9,穴山小介,足軽,突撃,1077,648,67,78,71,44,4,21,槍術,s1s2s3s7s21s19s13s,
真田昌幸軍,x16y6,5,116,m40,10,由利鎌之助,足軽,突撃,1113,540,75,71,51,53,4,21,槍術,s1s2s3s13s,
真田昌幸軍,x16y6,5,116,m41,11,筧十蔵,鉄砲,待機,1113,648,64,65,88,64,4,5,狙撃,s1s2s3s21s,
真田昌幸軍,x16y6,5,116,m42,12,望月六郎,弓兵,守備,1113,504,64,61,83,54,4,16,焙烙,s1s2s3s21s,
滝川一益軍,x16y12,4,117,m30,0,滝川一益,武将,迎撃,1437,576,94,84,83,81,4,22,豪傑,s1s2s3s8s10s11s19s9s15s21s26s,
滝川一益軍,x16y12,4,117,m31,1,滝川益氏,武将,守備,1041,540,102,74,61,71,4,22,豪傑,s1s4s7s8s10s9s15s25s,
滝川一益軍,x16y12,4,117,m32,2,前田慶次郎,猛者,乱戦,1041,576,120,115,72,125,4,25,鬼神,s1s2s3s4s7s8s10s11s19s20s9s13s15s21s26s,
前田慶次郎軍,x15y0,6,118,m30,0,前田慶次郎,猛者,乱戦,1221,576,120,115,72,125,4,25,鬼神,s1s2s3s4s7s8s10s11s19s20s9s13s15s21s26s,
宮本武蔵軍,x0y4,5,119,m30,0,宮本武蔵,猛者,乱戦,1221,576,125,125,70,115,4,25,鬼神,s1s4s10s11s19s20s21s25s,
堺衆,x2y9,4,120,m30,0,千宗易,軍師,守備,1509,576,65,72,91,55,3,24,治癒,s2s3s19s14s16s18s29s,
透波衆,x16y5,3,121,m30,0,猿飛佐助,忍者,迎撃,1221,684,99,99,99,60,6,13,影走,s1s7s8s19s9s13s20s17s21s22s26s,
透波衆,x16y5,3,121,m31,1,霧隠才蔵,忍者,突撃,1221,468,71,75,102,55,5,20,幻術,s1s8s11s19s17s29s,
一向一揆,x12y0,6,122,m30,0,本願寺顕如,軍師,守備,1401,576,44,67,110,45,3,18,妖術,s2s3s19s15s14s16s18s28s,
一向一揆,x12y0,6,122,m31,1,下間頼廉,武将,迎撃,1257,576,89,91,89,75,4,18,妖術,s1s2s3s4s8s10s11s9s13s15s20s14s21s29s,
一向一揆,x12y0,6,122,m32,2,本多正信,軍師,迎撃,1509,576,54,78,115,54,4,24,治癒,s2s3s19s13s15s20s14s16s17s18s28s,
丹羽長秀軍,x3y8,3,123,m30,0,丹羽長秀,武将,守備,1437,576,69,81,83,79,4,24,治癒,s1s2s3s8s11s19s12s13s15s20s14s16s18s21s28s,
丹羽長秀軍,x3y8,3,123,m31,1,池田恒興,武将,迎撃,1293,432,71,71,69,65,4,14,号令,s1s2s3s12s9s13s15s14s18s,
丹羽長秀軍,x3y8,3,123,m32,2,池田輝政,武将,迎撃,1293,720,82,79,71,55,4,14,号令,s1s2s3s7s12s9s15s25s,
明智光秀軍,x6y7,5,124,m30,0,明智光秀,武将,守備,1437,576,89,98,92,72,4,14,号令,s1s2s3s8s19s9s13s15s14s18s21s27s,
明智光秀軍,x6y7,5,124,m31,1,明智秀満,武将,迎撃,1221,504,91,82,69,64,4,14,号令,s1s2s3s7s8s13s15s28s,
明智光秀軍,x6y7,5,124,m32,2,斉藤利三,武将,迎撃,1221,648,98,73,52,76,4,14,号令,s1ss3s4s7s10s11s9s28s,
柴田勝家軍,x14y1,6,125,m30,0,柴田勝家,武将,迎撃,1257,540,105,95,69,96,4,22,豪傑,s1s2s3s4s7s8s10s11s9s13s15s20s25s,
柴田勝家軍,x14y1,6,125,m31,1,前田利家,武将,突撃,1113,360,81,95,92,74,4,14,号令,s1s2s3s8s19s12s9s13s15s20s14s16s21s26s,
柴田勝家軍,x14y1,6,125,m32,2,佐々成政,武将,突撃,1113,828,91,71,71,71,4,14,号令,s1s3s7s8s9s15s20s28s,
柴田勝家軍,x14y1,6,125,m33,3,佐久間盛政,武将,迎撃,1257,612,95,69,54,75,4,14,号令,s1s4s7s9s29s,
徳川家康軍,x13y13,7,126,m30,0,徳川家康,武将,守備,1581,576,85,112,112,92,3,22,豪傑,s1s2s3s8s11s19s15s20s14s16s17s18s21s22s25s,
徳川家康軍,x13y13,7,126,m31,1,本多忠勝,武将,突撃,1077,828,115,94,73,98,4,,,s1s4s7s8s10s11s19s9s15s20s29s,ac
徳川家康軍,x13y13,7,126,m32,2,酒井忠次,武将,守備,1437,576,85,91,82,74,4,14,号令,s1s2s3s8s11s9s13s15s16s18s28s,
徳川家康軍,x13y13,7,126,m33,3,榊原康政,武将,迎撃,1437,684,92,84,71,76,4,14,号令,s1s2s3s4s7s8s11s19s9s15s29s,
徳川家康軍,x13y13,7,126,m34,4,井伊直政,武将,迎撃,1437,468,81,82,81,65,4,14,号令,s1s2s3s11s13s15s14s18s28s,
徳川家康軍,x13y13,7,126,m35,5,服部半蔵,武将,突撃,1077,360,118,125,112,70,6,18,妖術,s1s2s3s8s10s11s19s15s20s17s21s22s26s,
羽柴秀吉軍,x3y2,8,127,m30,0,羽柴秀吉,武将,守備,1473,576,81,95,110,82,5,24,治癒,s1s2s3s8s11s19s12s15s20s14s16s17s18s21s22s26s,
羽柴秀吉軍,x3y2,8,127,m31,1,黒田官兵衛,軍師,迎撃,1293,432,71,85,125,52,3,10,炎術,s1s2s3s8s19s9s13s17s21s29s,
羽柴秀吉軍,x3y2,8,127,m32,2,竹中半兵衛,軍師,迎撃,1293,720,41,74,125,32,3,10,炎術,s1s2s3s8s14s16s17s18s21s26s,
羽柴秀吉軍,x3y2,8,127,m33,3,蜂須賀小六,猛者,迎撃,1257,576,102,71,65,95,4,23,無双,s1s3s4s7s10s11s15s14s17s25s,
羽柴秀吉軍,x3y2,8,127,m34,4,羽柴秀長,軍師,守備,1401,576,71,92,82,35,3,24,治癒,s2s3s11s13s15s20s14s16s18s29s,
羽柴秀吉軍,x3y2,8,127,m35,5,加藤清正,武将,突撃,1077,468,93,105,72,92,4,22,豪傑,s1s2s3s4s7s8s10s11s12s9s13s15s26s,
羽柴秀吉軍,x3y2,8,127,m36,6,福島正則,武将,突撃,1077,684,104,95,69,95,4,22,豪傑,s1s2s3s4s7s8s10s19s9s15s29s,
織田信長軍,x9y7,9,128,m30,0,織田信長,武将,迎撃,1437,576,84,130,130,82,4,20,幻術,s1s2s3s4s5s6s8s11s19s12s13s15s20s17s18s21s22s26s,
織田信長軍,x9y7,9,128,m31,1,森蘭丸,足軽,守備,1473,576,79,74,78,54,5,21,槍術,s1s2s3s6s19s12s9s13s22s29s,
織田信長軍,x9y7,9,128,m32,2,蒲生氏郷,武将,守備,1545,612,81,94,98,73,4,14,号令,s1s2s3s8s11s19s9s15s14s18s21s28s,
織田信長軍,x9y7,9,128,m33,3,柴田勝家,武将,突撃,1149,828,105,95,69,96,4,22,豪傑,s1s2s3s4s7s8s10s11s9s13s15s20s25s,
織田信長軍,x9y7,9,128,m34,4,丹羽長秀,武将,迎撃,1329,576,69,81,83,79,4,24,治癒,s1s2s3s8s11s19s12s13s15s20s14s16s18s21s28s,
織田信長軍,x9y7,9,128,m35,5,羽柴秀吉,武将,迎撃,1149,360,81,95,110,82,5,24,治癒,s1s2s3s8s11s19s12s15s20s14s16s17s18s21s22s26s,
織田信長軍,x9y7,9,128,m36,6,滝川一益,武将,迎撃,1221,576,94,84,83,81,4,22,豪傑,s1s2s3s8s10s11s19s9s15s21s26s,
織田信長軍,x9y7,9,128,m37,7,前田利家,武将,突撃,1113,900,81,95,92,74,4,22,豪傑,s1s2s3s8s19s12s9s13s15s20s14s16s21s26s,
織田信長軍,x9y7,9,128,m38,8,佐々成政,武将,突撃,1113,756,91,71,71,71,4,22,豪傑,s1s3s7s8s9s15s20s28s,
織田信長軍,x9y7,9,128,m39,9,池田恒興,武将,守備,1545,540,71,71,69,65,4,14,号令,s1s2s3s12s9s13s15s14s18s,
織田信長軍,x9y7,9,128,m40,10,黒田官兵衛,軍師,迎撃,1149,288,71,85,125,52,3,10,炎術,s1s2s3s8s19s9s13s17s21s29s,
織田信長軍,x9y7,9,128,m41,11,竹中半兵衛,軍師,迎撃,1149,432,41,74,125,32,3,10,炎術,s1s2s3s8s14s16s17s18s21s26s,
織田信長軍,x9y7,9,128,m42,12,加藤清正,武将,迎撃,1113,288,93,105,72,92,4,22,豪傑,s1s2s3s4s7s8s10s11s12s9s13s15s26s,
織田信長軍,x9y7,9,128,m43,13,福島正則,武将,迎撃,1113,432,104,95,69,95,4,22,豪傑,s1s2s3s4s7s8s10s19s9s15s29s,
織田信長軍,x9y7,9,128,m44,14,佐久間盛政,武将,突撃,1077,828,95,69,54,75,4,22,豪傑,s1s4s7s9s29s,
織田信長軍,x9y7,9,128,m45,15,蜂須賀小六,猛者,迎撃,1077,360,102,71,65,95,4,23,無双,s1s3s4s7s10s11s15s14s17s25s,
,,,129,m30,0,織田信長,武将,守備,1545,576,84,130,130,112,4,24,治癒,s1s2s3s4s5s6s8s11s19s12s13s15s20s17s18s21s22s26s,
,,,129,m31,1,徳川家康,武将,待機,1473,576,85,112,112,122,3,24,治癒,s1s2s3s8s11s19s15s20s14s16s17s18s21s22s25s,
,,,129,m32,2,羽柴秀吉,武将,守備,1545,648,81,95,110,112,5,24,治癒,s1s2s3s8s11s19s12s15s20s14s16s17s18s21s22s26s,
,,,129,m33,3,柴田勝家,武将,守備,1401,432,105,95,69,126,4,22,豪傑,s1s2s3s4s7s8s10s11s9s13s15s20s25s,
,,,129,m34,4,丹羽長秀,武将,待機,1545,540,69,81,83,109,4,24,治癒,s1s2s3s8s11s19s12s13s15s20s14s16s18s21s28s,
,,,129,m35,5,滝川一益,武将,守備,1401,720,94,84,83,111,4,22,豪傑,s1s2s3s8s10s11s19s9s15s21s26s,
,,,129,m36,6,前田慶次郎,猛者,守備,1257,612,120,115,72,155,4,25,鬼神,s1s2s3s4s7s8s10s11s19s20s9s13s15s21s26s,
,,,129,m37,7,宮本武蔵,猛者,守備,1257,540,125,125,70,145,4,25,鬼神,s1s4s10s11s19s20s21s25s,
,,,129,m38,8,服部半蔵,武将,守備,1473,792,118,125,112,100,6,22,豪傑,s1s2s3s8s10s11s19s15s20s17s21s22s26s,
,,,129,m39,9,飛加藤段蔵,忍者,突撃,1437,180,125,100,125,95,6,20,幻術,s1s2s3s4s7s8s10s11s19s12s9s20s17s22s27s21s,
,,,129,m40,10,風魔小太郎,忍者,突撃,1509,180,120,120,78,100,5,27,結界,s1s2s3s7s8s10s11s19s13s15s16s18s22s21s26s,
,,,129,m41,11,黒田官兵衛,軍師,守備,1473,684,71,85,125,82,3,10,炎術,s1s2s3s8s19s9s13s17s21s29s,
,,,129,m42,12,竹中半兵衛,軍師,守備,1473,468,41,74,125,62,3,10,炎術,s1s2s3s8s14s16s17s18s21s26s,
,,,129,m43,13,島左近,武将,守備,1473,360,110,85,72,113,4,22,豪傑,s1s2s3s4s7s10s11s19s9s13s20s26s,
,,,129,m44,14,雑賀孫一,鉄砲,守備,1329,576,91,82,125,101,5,17,砲撃,s1s2s3s4s5s10s11s15s16s19s21s26s,
,,,129,m45,15,雑賀衆壱,鉄砲,守備,1329,540,85,81,95,90,2,17,砲撃,s2s5s10s11s19s18s21s22,
,,,129,m46,16,雑賀衆弐,鉄砲,待機,1329,612,85,81,95,90,2,17,砲撃,s2s5s10s11s19s18s21s22,
,,,129,m47,17,雑賀衆参,鉄砲,待機,1581,504,85,81,95,90,2,5,狙撃,s2s5s10s11s19s18s21s22,
,,,129,m48,18,雑賀衆肆,鉄砲,待機,1581,612,85,81,95,90,2,5,狙撃,s2s5s10s11s19s18s21s22,
,,,129,m49,19,雑賀衆伍,鉄砲,待機,1581,576,85,81,95,90,2,5,狙撃,s2s5s10s11s19s18s21s22,
,,,129,m50,20,筧十蔵,鉄砲,守備,1401,576,64,65,88,94,4,,,s1s2s3s21s,ac
,,,129,m51,21,雑賀衆陸,鉄砲,待機,1581,648,85,81,95,90,2,5,狙撃,s2s5s10s11s19s18s21s22,
,,,129,m52,22,雑賀衆漆,鉄砲,待機,1581,540,85,81,95,90,2,5,狙撃,s2s5s10s11s19s18s21s22,
