formation_id,index,slot,raw_record,x_code,y_code,world_x,world_y,class_code,class_name,strategy_raw,strategy_name
1,0,m30,111633,11,16,1437,576,3,武将,3,守備
1,1,m31,181411,18,14,1185,504,1,足軽,1,突撃
1,2,m32,181711,18,17,1185,612,1,足軽,1,突撃
1,3,m33,071524,7,15,1581,540,2,弓兵,4,待機
1,4,m34,122018,12,20,1401,720,1,足軽,8,迎撃
1,5,m35,071724,7,17,1581,612,2,弓兵,4,待機
1,6,m36,121218,12,12,1401,432,1,足軽,8,迎撃
1,7,m37,191311,19,13,1149,468,1,足軽,1,突撃
1,8,m38,191811,19,18,1149,648,1,足軽,1,突撃
1,9,m39,201911,20,19,1113,684,1,足軽,1,突撃
1,10,m40,141624,14,16,1329,576,2,弓兵,4,待機
1,11,m41,141523,14,15,1329,540,2,弓兵,3,守備
1,12,m42,141723,14,17,1329,612,2,弓兵,3,守備
1,13,m43,081424,8,14,1545,504,2,弓兵,4,待機
1,14,m44,081824,8,18,1545,648,2,弓兵,4,待機
1,15,m45,171331,17,13,1221,468,3,武将,1,突撃
1,16,m46,201211,20,12,1113,432,1,足軽,1,突撃
1,17,m47,171931,17,19,1221,684,3,武将,1,突撃
1,18,m48,201640,20,16,1113,576,4,猛者,0,乱戦
1,19,m49,211440,21,14,1077,504,4,猛者,0,乱戦
1,20,m50,161458,16,14,1257,504,5,軍師,8,迎撃
1,21,m51,121358,12,13,1401,468,5,軍師,8,迎撃
1,22,m52,161858,16,18,1257,648,5,軍師,8,迎撃
1,23,m53,191071,19,10,1149,360,7,忍者,1,突撃
1,24,m54,192371,19,23,1149,828,7,忍者,1,突撃
1,25,m55,171164,17,11,1221,396,6,鉄砲,4,待機
1,26,m56,172264,17,22,1221,792,6,鉄砲,4,待機
1,27,m57,121958,12,19,1401,684,5,軍師,8,迎撃
1,28,m58,201540,20,15,1113,540,4,猛者,0,乱戦
1,29,m59,211740,21,17,1077,612,4,猛者,0,乱戦
2,0,m30,131338,13,13,1365,468,3,武将,8,迎撃
2,1,m31,071523,7,15,1581,540,2,弓兵,3,守備
2,2,m32,091413,9,14,1509,504,1,足軽,3,守備
2,3,m33,071623,7,16,1581,576,2,弓兵,3,守備
2,4,m34,091613,9,16,1509,576,1,足軽,3,守備
2,5,m35,111718,11,17,1437,612,1,足軽,8,迎撃
2,6,m36,071723,7,17,1581,612,2,弓兵,3,守備
2,7,m37,132038,13,20,1365,720,3,武将,8,迎撃
2,8,m38,161511,16,15,1257,540,1,足軽,1,突撃
2,9,m39,161311,16,13,1257,468,1,足軽,1,突撃
2,10,m40,171120,17,11,1221,396,2,弓兵,0,乱戦
2,11,m41,172223,17,22,1221,792,2,弓兵,3,守備
2,12,m42,200771,20,7,1113,252,7,忍者,1,突撃
2,13,m43,192771,19,27,1149,972,7,忍者,1,突撃
2,14,m44,151258,15,12,1293,432,5,軍師,8,迎撃
2,15,m45,152058,15,20,1293,720,5,軍師,8,迎撃
2,16,m46,091813,9,18,1509,648,1,足軽,3,守備
2,17,m47,182871,18,28,1185,1008,7,忍者,1,突撃
2,18,m48,161711,16,17,1257,612,1,足軽,1,突撃
2,19,m49,161911,16,19,1257,684,1,足軽,1,突撃
2,20,m50,210871,21,8,1077,288,7,忍者,1,突撃
2,21,m51,190671,19,6,1149,216,7,忍者,1,突撃
2,22,m52,180571,18,5,1185,180,7,忍者,1,突撃
2,23,m53,141564,14,15,1329,540,6,鉄砲,4,待機
2,24,m54,111518,11,15,1437,540,1,足軽,8,迎撃
2,25,m55,181440,18,14,1185,504,4,猛者,0,乱戦
2,26,m56,141764,14,17,1329,612,6,鉄砲,4,待機
2,27,m57,202671,20,26,1113,936,7,忍者,1,突撃
2,28,m58,212571,21,25,1077,900,7,忍者,1,突撃
2,29,m59,181840,18,18,1185,648,4,猛者,0,乱戦
3,0,m30,071514,7,15,1581,540,1,足軽,4,待機
3,1,m31,071614,7,16,1581,576,1,足軽,4,待機
3,2,m32,071714,7,17,1581,612,1,足軽,4,待機
3,3,m33,091613,9,16,1509,576,1,足軽,3,守備
3,4,m34,081423,8,14,1545,504,2,弓兵,3,守備
3,5,m35,081823,8,18,1545,648,2,弓兵,3,守備
3,6,m36,091323,9,13,1509,468,2,弓兵,3,守備
3,7,m37,091923,9,19,1509,684,2,弓兵,3,守備
3,8,m38,131413,13,14,1365,504,1,足軽,3,守備
3,9,m39,131913,13,19,1365,684,1,足軽,3,守備
3,10,m40,131313,13,13,1365,468,1,足軽,3,守備
3,11,m41,101223,10,12,1473,432,2,弓兵,3,守備
3,12,m42,141753,14,17,1329,612,5,軍師,3,守備
3,13,m43,131813,13,18,1365,648,1,足軽,3,守備
3,14,m44,111333,11,13,1437,468,3,武将,3,守備
3,15,m45,111633,11,16,1437,576,3,武将,3,守備
3,16,m46,111933,11,19,1437,684,3,武将,3,守備
3,17,m47,200971,20,9,1113,324,7,忍者,1,突撃
3,18,m48,102023,10,20,1473,720,2,弓兵,3,守備
3,19,m49,202371,20,23,1113,828,7,忍者,1,突撃
3,20,m50,201440,20,14,1113,504,4,猛者,0,乱戦
3,21,m51,201540,20,15,1113,540,4,猛者,0,乱戦
3,22,m52,201640,20,16,1113,576,4,猛者,0,乱戦
3,23,m53,201740,20,17,1113,612,4,猛者,0,乱戦
3,24,m54,201840,20,18,1113,648,4,猛者,0,乱戦
3,25,m55,201940,20,19,1113,684,4,猛者,0,乱戦
3,26,m56,201340,20,13,1113,468,4,猛者,0,乱戦
3,27,m57,202040,20,20,1113,720,4,猛者,0,乱戦
3,28,m58,141664,14,16,1329,576,6,鉄砲,4,待機
3,29,m59,141553,14,15,1329,540,5,軍師,3,守備
4,0,m30,111633,11,16,1437,576,3,武将,3,守備
4,1,m31,111113,11,11,1437,396,1,足軽,3,守備
4,2,m32,091923,9,19,1509,684,2,弓兵,3,守備
4,3,m33,091613,9,16,1509,576,1,足軽,3,守備
4,4,m34,101513,10,15,1473,540,1,足軽,3,守備
4,5,m35,101713,10,17,1473,612,1,足軽,3,守備
4,6,m36,121213,12,12,1401,432,1,足軽,3,守備
4,7,m37,081723,8,17,1545,612,2,弓兵,3,守備
4,8,m38,112113,11,21,1437,756,1,足軽,3,守備
4,9,m39,141624,14,16,1329,576,2,弓兵,4,待機
4,10,m40,071624,7,16,1581,576,2,弓兵,4,待機
4,11,m41,081423,8,14,1545,504,2,弓兵,3,守備
4,12,m42,081823,8,18,1545,648,2,弓兵,3,守備
4,13,m43,071324,7,13,1581,468,2,弓兵,4,待機
4,14,m44,071924,7,19,1581,684,2,弓兵,4,待機
4,15,m45,111333,11,13,1437,468,3,武将,3,守備
4,16,m46,081523,8,15,1545,540,2,弓兵,3,守備
4,17,m47,111933,11,19,1437,684,3,武将,3,守備
4,18,m48,181671,18,16,1185,576,7,忍者,1,突撃
4,19,m49,211440,21,14,1077,504,4,猛者,0,乱戦
4,20,m50,141524,14,15,1329,540,2,弓兵,4,待機
4,21,m51,121353,12,13,1401,468,5,軍師,3,守備
4,22,m52,141724,14,17,1329,612,2,弓兵,4,待機
4,23,m53,091323,9,13,1509,468,2,弓兵,3,守備
4,24,m54,122013,12,20,1401,720,1,足軽,3,守備
4,25,m55,071564,7,15,1581,540,6,鉄砲,4,待機
4,26,m56,071764,7,17,1581,612,6,鉄砲,4,待機
4,27,m57,121953,12,19,1401,684,5,軍師,3,守備
4,28,m58,181571,18,15,1185,540,7,忍者,1,突撃
4,29,m59,211740,21,17,1077,612,4,猛者,0,乱戦
5,0,m30,111633,11,16,1437,576,3,武将,3,守備
5,1,m31,221411,22,14,1041,504,1,足軽,1,突撃
5,2,m32,211311,21,13,1077,468,1,足軽,1,突撃
5,3,m33,081523,8,15,1545,540,2,弓兵,3,守備
5,4,m34,112018,11,20,1437,720,1,足軽,8,迎撃
5,5,m35,081724,8,17,1545,612,2,弓兵,4,待機
5,6,m36,111218,11,12,1437,432,1,足軽,8,迎撃
5,7,m37,201511,20,15,1113,540,1,足軽,1,突撃
5,8,m38,211911,21,19,1077,684,1,足軽,1,突撃
5,9,m39,221811,22,18,1041,648,1,足軽,1,突撃
5,10,m40,121911,12,19,1401,684,1,足軽,1,突撃
5,11,m41,141564,14,15,1329,540,6,鉄砲,4,待機
5,12,m42,091623,9,16,1509,576,2,弓兵,3,守備
5,13,m43,141764,14,17,1329,612,6,鉄砲,4,待機
5,14,m44,071664,7,16,1581,576,6,鉄砲,4,待機
5,15,m45,171311,17,13,1221,468,1,足軽,1,突撃
5,16,m46,201711,20,17,1113,612,1,足軽,1,突撃
5,17,m47,171911,17,19,1221,684,1,足軽,1,突撃
5,18,m48,181640,18,16,1185,576,4,猛者,0,乱戦
5,19,m49,221611,22,16,1041,576,1,足軽,1,突撃
5,20,m50,181458,18,14,1185,504,5,軍師,8,迎撃
5,21,m51,121311,12,13,1401,468,1,足軽,1,突撃
5,22,m52,192371,19,23,1149,828,7,忍者,1,突撃
5,23,m53,191071,19,10,1149,360,7,忍者,1,突撃
5,24,m54,161611,16,16,1257,576,1,足軽,1,突撃
5,25,m55,171164,17,11,1221,396,6,鉄砲,4,待機
5,26,m56,172264,17,22,1221,792,6,鉄砲,4,待機
5,27,m57,181858,18,18,1185,648,5,軍師,8,迎撃
5,28,m58,201211,20,12,1113,432,1,足軽,1,突撃
5,29,m59,202011,20,20,1113,720,1,足軽,1,突撃
6,0,m30,111634,11,16,1437,576,3,武将,4,待機
6,1,m31,161411,16,14,1257,504,1,足軽,1,突撃
6,2,m32,161811,16,18,1257,648,1,足軽,1,突撃
6,3,m33,081524,8,15,1545,540,2,弓兵,4,待機
6,4,m34,172013,17,20,1221,720,1,足軽,3,守備
6,5,m35,081724,8,17,1545,612,2,弓兵,4,待機
6,6,m36,161313,16,13,1257,468,1,足軽,3,守備
6,7,m37,191411,19,14,1149,504,1,足軽,1,突撃
6,8,m38,191811,19,18,1149,648,1,足軽,1,突撃
6,9,m39,221811,22,18,1041,648,1,足軽,1,突撃
6,10,m40,131624,13,16,1365,576,2,弓兵,4,待機
6,11,m41,141524,14,15,1329,540,2,弓兵,4,待機
6,12,m42,141724,14,17,1329,612,2,弓兵,4,待機
6,13,m43,091664,9,16,1509,576,6,鉄砲,4,待機
6,14,m44,071624,7,16,1581,576,2,弓兵,4,待機
6,15,m45,181351,18,13,1185,468,5,軍師,1,突撃
6,16,m46,221411,22,14,1041,504,1,足軽,1,突撃
6,17,m47,181951,18,19,1185,684,5,軍師,1,突撃
6,18,m48,171621,17,16,1221,576,2,弓兵,1,突撃
6,19,m49,191721,19,17,1149,612,2,弓兵,1,突撃
6,20,m50,192223,19,22,1149,792,2,弓兵,3,守備
6,21,m51,171213,17,12,1221,432,1,足軽,3,守備
6,22,m52,191123,19,11,1149,396,2,弓兵,3,守備
6,23,m53,191078,19,10,1149,360,7,忍者,8,迎撃
6,24,m54,192378,19,23,1149,828,7,忍者,8,迎撃
6,25,m55,141213,14,12,1329,432,1,足軽,3,守備
6,26,m56,142013,14,20,1329,720,1,足軽,3,守備
6,27,m57,161913,16,19,1257,684,1,足軽,3,守備
6,28,m58,211621,21,16,1077,576,2,弓兵,1,突撃
6,29,m59,191521,19,15,1149,540,2,弓兵,1,突撃
7,0,m30,111633,11,16,1437,576,3,武将,3,守備
7,1,m31,171023,17,10,1221,360,2,弓兵,3,守備
7,2,m32,172323,17,23,1221,828,2,弓兵,3,守備
7,3,m33,071524,7,15,1581,540,2,弓兵,4,待機
7,4,m34,121913,12,19,1401,684,1,足軽,3,守備
7,5,m35,071624,7,16,1581,576,2,弓兵,4,待機
7,6,m36,101313,10,13,1473,468,1,足軽,3,守備
7,7,m37,201311,20,13,1113,468,1,足軽,1,突撃
7,8,m38,201911,20,19,1113,684,1,足軽,1,突撃
7,9,m39,192011,19,20,1149,720,1,足軽,1,突撃
7,10,m40,141624,14,16,1329,576,2,弓兵,4,待機
7,11,m41,141523,14,15,1329,540,2,弓兵,3,守備
7,12,m42,141723,14,17,1329,612,2,弓兵,3,守備
7,13,m43,091624,9,16,1509,576,2,弓兵,4,待機
7,14,m44,071724,7,17,1581,612,2,弓兵,4,待機
7,15,m45,171323,17,13,1221,468,2,弓兵,3,守備
7,16,m46,191211,19,12,1149,432,1,足軽,1,突撃
7,17,m47,171923,17,19,1221,684,2,弓兵,3,守備
7,18,m48,201740,20,17,1113,612,4,猛者,0,乱戦
7,19,m49,211411,21,14,1077,504,1,足軽,1,突撃
7,20,m50,161558,16,15,1257,540,5,軍師,8,迎撃
7,21,m51,121313,12,13,1401,468,1,足軽,3,守備
7,22,m52,161758,16,17,1257,612,5,軍師,8,迎撃
7,23,m53,170923,17,9,1221,324,2,弓兵,3,守備
7,24,m54,172423,17,24,1221,864,2,弓兵,3,守備
7,25,m55,171123,17,11,1221,396,2,弓兵,3,守備
7,26,m56,172223,17,22,1221,792,2,弓兵,3,守備
7,27,m57,101911,10,19,1473,684,1,足軽,1,突撃
7,28,m58,201540,20,15,1113,540,4,猛者,0,乱戦
7,29,m59,211811,21,18,1077,648,1,足軽,1,突撃
8,0,m30,111533,11,15,1437,540,3,武将,3,守備
8,1,m31,181411,18,14,1185,504,1,足軽,1,突撃
8,2,m32,181711,18,17,1185,612,1,足軽,1,突撃
8,3,m33,071524,7,15,1581,540,2,弓兵,4,待機
8,4,m34,102013,10,20,1473,720,1,足軽,3,守備
8,5,m35,071724,7,17,1581,612,2,弓兵,4,待機
8,6,m36,101213,10,12,1473,432,1,足軽,3,守備
8,7,m37,201311,20,13,1113,468,1,足軽,1,突撃
8,8,m38,201811,20,18,1113,648,1,足軽,1,突撃
8,9,m39,221711,22,17,1041,612,1,足軽,1,突撃
8,10,m40,081813,8,18,1545,648,1,足軽,3,守備
8,11,m41,141523,14,15,1329,540,2,弓兵,3,守備
8,12,m42,141723,14,17,1329,612,2,弓兵,3,守備
8,13,m43,081411,8,14,1545,504,1,足軽,1,突撃
8,14,m44,082113,8,21,1545,756,1,足軽,3,守備
8,15,m45,081113,8,11,1545,396,1,足軽,3,守備
8,16,m46,221411,22,14,1041,504,1,足軽,1,突撃
8,17,m47,111733,11,17,1437,612,3,武将,3,守備
8,18,m48,201640,20,16,1113,576,4,猛者,0,乱戦
8,19,m49,141213,14,12,1329,432,1,足軽,3,守備
8,20,m50,101411,10,14,1473,504,1,足軽,1,突撃
8,21,m51,121313,12,13,1401,468,1,足軽,3,守備
8,22,m52,101811,10,18,1473,648,1,足軽,1,突撃
8,23,m53,170923,17,9,1221,324,2,弓兵,3,守備
8,24,m54,172423,17,24,1221,864,2,弓兵,3,守備
8,25,m55,171164,17,11,1221,396,6,鉄砲,4,待機
8,26,m56,172264,17,22,1221,792,6,鉄砲,4,待機
8,27,m57,121913,12,19,1401,684,1,足軽,3,守備
8,28,m58,201540,20,15,1113,540,4,猛者,0,乱戦
8,29,m59,142013,14,20,1329,720,1,足軽,3,守備
9,0,m30,111633,11,16,1437,576,3,武将,3,守備
9,1,m31,191211,19,12,1149,432,1,足軽,1,突撃
9,2,m32,222011,22,20,1041,720,1,足軽,1,突撃
9,3,m33,071524,7,15,1581,540,2,弓兵,4,待機
9,4,m34,122018,12,20,1401,720,1,足軽,8,迎撃
9,5,m35,071724,7,17,1581,612,2,弓兵,4,待機
9,6,m36,121218,12,12,1401,432,1,足軽,8,迎撃
9,7,m37,201311,20,13,1113,468,1,足軽,1,突撃
9,8,m38,201911,20,19,1113,684,1,足軽,1,突撃
9,9,m39,192011,19,20,1149,720,1,足軽,1,突撃
9,10,m40,141624,14,16,1329,576,2,弓兵,4,待機
9,11,m41,141523,14,15,1329,540,2,弓兵,3,守備
9,12,m42,141723,14,17,1329,612,2,弓兵,3,守備
9,13,m43,181811,18,18,1185,648,1,足軽,1,突撃
9,14,m44,081624,8,16,1545,576,2,弓兵,4,待機
9,15,m45,181411,18,14,1185,504,1,足軽,1,突撃
9,16,m46,221211,22,12,1041,432,1,足軽,1,突撃
9,17,m47,191631,19,16,1149,576,3,武将,1,突撃
9,18,m48,201740,20,17,1113,612,4,猛者,0,乱戦
9,19,m49,221411,22,14,1041,504,1,足軽,1,突撃
9,20,m50,161411,16,14,1257,504,1,足軽,1,突撃
9,21,m51,101413,10,14,1473,504,1,足軽,3,守備
9,22,m52,161811,16,18,1257,648,1,足軽,1,突撃
9,23,m53,161613,16,16,1257,576,1,足軽,3,守備
9,24,m54,221611,22,16,1041,576,1,足軽,1,突撃
9,25,m55,171164,17,11,1221,396,6,鉄砲,4,待機
9,26,m56,172264,17,22,1221,792,6,鉄砲,4,待機
9,27,m57,101813,10,18,1473,648,1,足軽,3,守備
9,28,m58,201540,20,15,1113,540,4,猛者,0,乱戦
9,29,m59,221811,22,18,1041,648,1,足軽,1,突撃
10,0,m30,111633,11,16,1437,576,3,武将,3,守備
10,1,m31,200511,20,5,1113,180,1,足軽,1,突撃
10,2,m32,202811,20,28,1113,1008,1,足軽,1,突撃
10,3,m33,071524,7,15,1581,540,2,弓兵,4,待機
10,4,m34,192711,19,27,1149,972,1,足軽,1,突撃
10,5,m35,071724,7,17,1581,612,2,弓兵,4,待機
10,6,m36,190611,19,6,1149,216,1,足軽,1,突撃
10,7,m37,210611,21,6,1077,216,1,足軽,1,突撃
10,8,m38,212711,21,27,1077,972,1,足軽,1,突撃
10,9,m39,222811,22,28,1041,1008,1,足軽,1,突撃
10,10,m40,141624,14,16,1329,576,2,弓兵,4,待機
10,11,m41,200721,20,7,1113,252,2,弓兵,1,突撃
10,12,m42,202621,20,26,1113,936,2,弓兵,1,突撃
10,13,m43,081424,8,14,1545,504,2,弓兵,4,待機
10,14,m44,081824,8,18,1545,648,2,弓兵,4,待機
10,15,m45,170631,17,6,1221,216,3,武将,1,突撃
10,16,m46,220511,22,5,1041,180,1,足軽,1,突撃
10,17,m47,172731,17,27,1221,972,3,武将,1,突撃
10,18,m48,201740,20,17,1113,612,4,猛者,0,乱戦
10,19,m49,180511,18,5,1185,180,1,足軽,1,突撃
10,20,m50,221411,22,14,1041,504,1,足軽,1,突撃
10,21,m51,101313,10,13,1473,468,1,足軽,3,守備
10,22,m52,221811,22,18,1041,648,1,足軽,1,突撃
10,23,m53,220723,22,7,1041,252,2,弓兵,3,守備
10,24,m54,222623,22,26,1041,936,2,弓兵,3,守備
10,25,m55,171164,17,11,1221,396,6,鉄砲,4,待機
10,26,m56,172264,17,22,1221,792,6,鉄砲,4,待機
10,27,m57,101913,10,19,1473,684,1,足軽,3,守備
10,28,m58,201540,20,15,1113,540,4,猛者,0,乱戦
10,29,m59,182811,18,28,1185,1008,1,足軽,1,突撃
11,0,m30,111633,11,16,1437,576,3,武将,3,守備
11,1,m31,191521,19,15,1149,540,2,弓兵,1,突撃
11,2,m32,191821,19,18,1149,648,2,弓兵,1,突撃
11,3,m33,071524,7,15,1581,540,2,弓兵,4,待機
11,4,m34,101713,10,17,1473,612,1,足軽,3,守備
11,5,m35,071724,7,17,1581,612,2,弓兵,4,待機
11,6,m36,101513,10,15,1473,540,1,足軽,3,守備
11,7,m37,181421,18,14,1185,504,2,弓兵,1,突撃
11,8,m38,181921,18,19,1185,684,2,弓兵,1,突撃
11,9,m39,172021,17,20,1221,720,2,弓兵,1,突撃
11,10,m40,131624,13,16,1365,576,2,弓兵,4,待機
11,11,m41,141524,14,15,1329,540,2,弓兵,4,待機
11,12,m42,141724,14,17,1329,612,2,弓兵,4,待機
11,13,m43,201321,20,13,1113,468,2,弓兵,1,突撃
11,14,m44,202021,20,20,1113,720,2,弓兵,1,突撃
11,15,m45,171731,17,17,1221,612,3,武将,1,突撃
11,16,m46,171321,17,13,1221,468,2,弓兵,1,突撃
11,17,m47,171631,17,16,1221,576,3,武将,1,突撃
11,18,m48,201721,20,17,1113,612,2,弓兵,1,突撃
11,19,m49,211511,21,15,1077,540,1,足軽,1,突撃
11,20,m50,161428,16,14,1257,504,2,弓兵,8,迎撃
11,21,m51,121358,12,13,1401,468,5,軍師,8,迎撃
11,22,m52,161828,16,18,1257,648,2,弓兵,8,迎撃
11,23,m53,191071,19,10,1149,360,7,忍者,1,突撃
11,24,m54,192371,19,23,1149,828,7,忍者,1,突撃
11,25,m55,171164,17,11,1221,396,6,鉄砲,4,待機
11,26,m56,172264,17,22,1221,792,6,鉄砲,4,待機
11,27,m57,121958,12,19,1401,684,5,軍師,8,迎撃
11,28,m58,201621,20,16,1113,576,2,弓兵,1,突撃
11,29,m59,211811,21,18,1077,648,1,足軽,1,突撃
12,0,m30,111633,11,16,1437,576,3,武将,3,守備
12,1,m31,181411,18,14,1185,504,1,足軽,1,突撃
12,2,m32,181811,18,18,1185,648,1,足軽,1,突撃
12,3,m33,071524,7,15,1581,540,2,弓兵,4,待機
12,4,m34,122023,12,20,1401,720,2,弓兵,3,守備
12,5,m35,071724,7,17,1581,612,2,弓兵,4,待機
12,6,m36,121223,12,12,1401,432,2,弓兵,3,守備
12,7,m37,191311,19,13,1149,468,1,足軽,1,突撃
12,8,m38,191911,19,19,1149,684,1,足軽,1,突撃
12,9,m39,182011,18,20,1185,720,1,足軽,1,突撃
12,10,m40,141624,14,16,1329,576,2,弓兵,4,待機
12,11,m41,141523,14,15,1329,540,2,弓兵,3,守備
12,12,m42,141723,14,17,1329,612,2,弓兵,3,守備
12,13,m43,081413,8,14,1545,504,1,足軽,3,守備
12,14,m44,081813,8,18,1545,648,1,足軽,3,守備
12,15,m45,171331,17,13,1221,468,3,武将,1,突撃
12,16,m46,181211,18,12,1185,432,1,足軽,1,突撃
12,17,m47,171931,17,19,1221,684,3,武将,1,突撃
12,18,m48,221611,22,16,1041,576,1,足軽,1,突撃
12,19,m49,211421,21,14,1077,504,2,弓兵,1,突撃
12,20,m50,201531,20,15,1113,540,3,武将,1,突撃
12,21,m51,091633,9,16,1509,576,3,武将,3,守備
12,22,m52,201631,20,16,1113,576,3,武将,1,突撃
12,23,m53,211271,21,12,1077,432,7,忍者,1,突撃
12,24,m54,211971,21,19,1077,684,7,忍者,1,突撃
12,25,m55,171164,17,11,1221,396,6,鉄砲,4,待機
12,26,m56,172264,17,22,1221,792,6,鉄砲,4,待機
12,27,m57,121633,12,16,1401,576,3,武将,3,守備
12,28,m58,221511,22,15,1041,540,1,足軽,1,突撃
12,29,m59,211721,21,17,1077,612,2,弓兵,1,突撃
13,0,m30,111633,11,16,1437,576,3,武将,3,守備
13,1,m31,161511,16,15,1257,540,1,足軽,1,突撃
13,2,m32,211711,21,17,1077,612,1,足軽,1,突撃
13,3,m33,071524,7,15,1581,540,2,弓兵,4,待機
13,4,m34,171921,17,19,1221,684,2,弓兵,1,突撃
13,5,m35,071724,7,17,1581,612,2,弓兵,4,待機
13,6,m36,171321,17,13,1221,468,2,弓兵,1,突撃
13,7,m37,191311,19,13,1149,468,1,足軽,1,突撃
13,8,m38,191911,19,19,1149,684,1,足軽,1,突撃
13,9,m39,182011,18,20,1185,720,1,足軽,1,突撃
13,10,m40,141624,14,16,1329,576,2,弓兵,4,待機
13,11,m41,141523,14,15,1329,540,2,弓兵,3,守備
13,12,m42,141723,14,17,1329,612,2,弓兵,3,守備
13,13,m43,081613,8,16,1545,576,1,足軽,3,守備
13,14,m44,161711,16,17,1257,612,1,足軽,1,突撃
13,15,m45,181431,18,14,1185,504,3,武将,1,突撃
13,16,m46,181211,18,12,1185,432,1,足軽,1,突撃
13,17,m47,181831,18,18,1185,648,3,武将,1,突撃
13,18,m48,221611,22,16,1041,576,1,足軽,1,突撃
13,19,m49,201421,20,14,1113,504,2,弓兵,1,突撃
13,20,m50,191531,19,15,1149,540,3,武将,1,突撃
13,21,m51,091633,9,16,1509,576,3,武将,3,守備
13,22,m52,191731,19,17,1149,612,3,武将,1,突撃
13,23,m53,211040,21,10,1077,360,4,猛者,0,乱戦
13,24,m54,212258,21,22,1077,792,5,軍師,8,迎撃
13,25,m55,171164,17,11,1221,396,6,鉄砲,4,待機
13,26,m56,172264,17,22,1221,792,6,鉄砲,4,待機
13,27,m57,181631,18,16,1185,576,3,武将,1,突撃
13,28,m58,211511,21,15,1077,540,1,足軽,1,突撃
13,29,m59,201821,20,18,1113,648,2,弓兵,1,突撃
14,0,m30,111633,11,16,1437,576,3,武将,3,守備
14,1,m31,161413,16,14,1257,504,1,足軽,3,守備
14,2,m32,211718,21,17,1077,612,1,足軽,8,迎撃
14,3,m33,071524,7,15,1581,540,2,弓兵,4,待機
14,4,m34,091823,9,18,1509,648,2,弓兵,3,守備
14,5,m35,071724,7,17,1581,612,2,弓兵,4,待機
14,6,m36,091423,9,14,1509,504,2,弓兵,3,守備
14,7,m37,201828,20,18,1113,648,2,弓兵,8,迎撃
14,8,m38,171913,17,19,1221,684,1,足軽,3,守備
14,9,m39,172013,17,20,1221,720,1,足軽,3,守備
14,10,m40,141624,14,16,1329,576,2,弓兵,4,待機
14,11,m41,141523,14,15,1329,540,2,弓兵,3,守備
14,12,m42,141723,14,17,1329,612,2,弓兵,3,守備
14,13,m43,101613,10,16,1473,576,1,足軽,3,守備
14,14,m44,171313,17,13,1221,468,1,足軽,3,守備
14,15,m45,151233,15,12,1293,432,3,武将,3,守備
14,16,m46,171213,17,12,1221,432,1,足軽,3,守備
14,17,m47,152033,15,20,1293,720,3,武将,3,守備
14,18,m48,221618,22,16,1041,576,1,足軽,8,迎撃
14,19,m49,201428,20,14,1113,504,2,弓兵,8,迎撃
14,20,m50,191538,19,15,1149,540,3,武将,8,迎撃
14,21,m51,131633,13,16,1365,576,3,武将,3,守備
14,22,m52,191738,19,17,1149,612,3,武将,8,迎撃
14,23,m53,221340,22,13,1041,468,4,猛者,0,乱戦
14,24,m54,221940,22,19,1041,684,4,猛者,0,乱戦
14,25,m55,171164,17,11,1221,396,6,鉄砲,4,待機
14,26,m56,172264,17,22,1221,792,6,鉄砲,4,待機
14,27,m57,081631,8,16,1545,576,3,武将,1,突撃
14,28,m58,211518,21,15,1077,540,1,足軽,8,迎撃
14,29,m59,161823,16,18,1257,648,2,弓兵,3,守備
15,0,m30,111633,11,16,1437,576,3,武将,3,守備
15,1,m31,161224,16,12,1257,432,2,弓兵,4,待機
15,2,m32,221711,22,17,1041,612,1,足軽,1,突撃
15,3,m33,071524,7,15,1581,540,2,弓兵,4,待機
15,4,m34,091824,9,18,1509,648,2,弓兵,4,待機
15,5,m35,071724,7,17,1581,612,2,弓兵,4,待機
15,6,m36,091424,9,14,1509,504,2,弓兵,4,待機
15,7,m37,221914,22,19,1041,684,1,足軽,4,待機
15,8,m38,172324,17,23,1221,828,2,弓兵,4,待機
15,9,m39,172424,17,24,1221,864,2,弓兵,4,待機
15,10,m40,141624,14,16,1329,576,2,弓兵,4,待機
15,11,m41,141523,14,15,1329,540,2,弓兵,3,守備
15,12,m42,141723,14,17,1329,612,2,弓兵,3,守備
15,13,m43,101624,10,16,1473,576,2,弓兵,4,待機
15,14,m44,171024,17,10,1221,360,2,弓兵,4,待機
15,15,m45,151034,15,10,1293,360,3,武将,4,待機
15,16,m46,170924,17,9,1221,324,2,弓兵,4,待機
15,17,m47,152334,15,23,1293,828,3,武将,4,待機
15,18,m48,221611,22,16,1041,576,1,足軽,1,突撃
15,19,m49,221311,22,13,1041,468,1,足軽,1,突撃
15,20,m50,211438,21,14,1077,504,3,武将,8,迎撃
15,21,m51,131633,13,16,1365,576,3,武将,3,守備
15,22,m52,211831,21,18,1077,648,3,武将,1,突撃
15,23,m53,201340,20,13,1113,468,4,猛者,0,乱戦
15,24,m54,201940,20,19,1113,684,4,猛者,0,乱戦
15,25,m55,171164,17,11,1221,396,6,鉄砲,4,待機
15,26,m56,172264,17,22,1221,792,6,鉄砲,4,待機
15,27,m57,081631,8,16,1545,576,3,武将,1,突撃
15,28,m58,221511,22,15,1041,540,1,足軽,1,突撃
15,29,m59,162124,16,21,1257,756,2,弓兵,4,待機
16,0,m30,111633,11,16,1437,576,3,武将,3,守備
16,1,m31,201511,20,15,1113,540,1,足軽,1,突撃
16,2,m32,201711,20,17,1113,612,1,足軽,1,突撃
16,3,m33,071524,7,15,1581,540,2,弓兵,4,待機
16,4,m34,122013,12,20,1401,720,1,足軽,3,守備
16,5,m35,071724,7,17,1581,612,2,弓兵,4,待機
16,6,m36,121313,12,13,1401,468,1,足軽,3,守備
16,7,m37,191318,19,13,1149,468,1,足軽,8,迎撃
16,8,m38,191918,19,19,1149,684,1,足軽,8,迎撃
16,9,m39,182018,18,20,1185,720,1,足軽,8,迎撃
16,10,m40,141664,14,16,1329,576,6,鉄砲,4,待機
16,11,m41,141523,14,15,1329,540,2,弓兵,3,守備
16,12,m42,141723,14,17,1329,612,2,弓兵,3,守備
16,13,m43,112111,11,21,1437,756,1,足軽,1,突撃
16,14,m44,081624,8,16,1545,576,2,弓兵,4,待機
16,15,m45,111333,11,13,1437,468,3,武将,3,守備
16,16,m46,181218,18,12,1185,432,1,足軽,8,迎撃
16,17,m47,171938,17,19,1221,684,3,武将,8,迎撃
16,18,m48,221851,22,18,1041,648,5,軍師,1,突撃
16,19,m49,221451,22,14,1041,504,5,軍師,1,突撃
16,20,m50,211331,21,13,1077,468,3,武将,1,突撃
16,21,m51,111211,11,12,1437,432,1,足軽,1,突撃
16,22,m52,171338,17,13,1221,468,3,武将,8,迎撃
16,23,m53,211931,21,19,1077,684,3,武将,1,突撃
16,24,m54,112033,11,20,1437,720,3,武将,3,守備
16,25,m55,191638,19,16,1149,576,3,武将,8,迎撃
16,26,m56,131638,13,16,1365,576,3,武将,8,迎撃
16,27,m57,071634,7,16,1581,576,3,武将,4,待機
16,28,m58,221211,22,12,1041,432,1,足軽,1,突撃
16,29,m59,222011,22,20,1041,720,1,足軽,1,突撃
17,0,m30,111633,11,16,1437,576,3,武将,3,守備
17,1,m31,211411,21,14,1077,504,1,足軽,1,突撃
17,2,m32,211811,21,18,1077,648,1,足軽,1,突撃
17,3,m33,071564,7,15,1581,540,6,鉄砲,4,待機
17,4,m34,081713,8,17,1545,612,1,足軽,3,守備
17,5,m35,071764,7,17,1581,612,6,鉄砲,4,待機
17,6,m36,081513,8,15,1545,540,1,足軽,3,守備
17,7,m37,211311,21,13,1077,468,1,足軽,1,突撃
17,8,m38,211911,21,19,1077,684,1,足軽,1,突撃
17,9,m39,212011,21,20,1077,720,1,足軽,1,突撃
17,10,m40,141624,14,16,1329,576,2,弓兵,4,待機
17,11,m41,141564,14,15,1329,540,6,鉄砲,4,待機
17,12,m42,141764,14,17,1329,612,6,鉄砲,4,待機
17,13,m43,081440,8,14,1545,504,4,猛者,0,乱戦
17,14,m44,081840,8,18,1545,648,4,猛者,0,乱戦
17,15,m45,191331,19,13,1149,468,3,武将,1,突撃
17,16,m46,211211,21,12,1077,432,1,足軽,1,突撃
17,17,m47,191931,19,19,1149,684,3,武将,1,突撃
17,18,m48,171740,17,17,1221,612,4,猛者,0,乱戦
17,19,m49,132140,13,21,1365,756,4,猛者,0,乱戦
17,20,m50,171164,17,11,1221,396,6,鉄砲,4,待機
17,21,m51,121378,12,13,1401,468,7,忍者,8,迎撃
17,22,m52,091613,9,16,1509,576,1,足軽,3,守備
17,23,m53,151040,15,10,1293,360,4,猛者,0,乱戦
17,24,m54,142440,14,24,1329,864,4,猛者,0,乱戦
17,25,m55,130840,13,8,1365,288,4,猛者,0,乱戦
17,26,m56,172264,17,22,1221,792,6,鉄砲,4,待機
17,27,m57,121971,12,19,1401,684,7,忍者,1,突撃
17,28,m58,170740,17,7,1221,252,4,猛者,0,乱戦
17,29,m59,201640,20,16,1113,576,4,猛者,0,乱戦
18,0,m30,111633,11,16,1437,576,3,武将,3,守備
18,1,m31,161413,16,14,1257,504,1,足軽,3,守備
18,2,m32,161813,16,18,1257,648,1,足軽,3,守備
18,3,m33,071523,7,15,1581,540,2,弓兵,3,守備
18,4,m34,091713,9,17,1509,612,1,足軽,3,守備
18,5,m35,071723,7,17,1581,612,2,弓兵,3,守備
18,6,m36,071623,7,16,1581,576,2,弓兵,3,守備
18,7,m37,161313,16,13,1257,468,1,足軽,3,守備
18,8,m38,161913,16,19,1257,684,1,足軽,3,守備
18,9,m39,172013,17,20,1221,720,1,足軽,3,守備
18,10,m40,141624,14,16,1329,576,2,弓兵,4,待機
18,11,m41,141564,14,15,1329,540,6,鉄砲,4,待機
18,12,m42,141764,14,17,1329,612,6,鉄砲,4,待機
18,13,m43,221340,22,13,1041,468,4,猛者,0,乱戦
18,14,m44,221440,22,14,1041,504,4,猛者,0,乱戦
18,15,m45,141333,14,13,1329,468,3,武将,3,守備
18,16,m46,171213,17,12,1221,432,1,足軽,3,守備
18,17,m47,141933,14,19,1329,684,3,武将,3,守備
18,18,m48,221740,22,17,1041,612,4,猛者,0,乱戦
18,19,m49,221840,22,18,1041,648,4,猛者,0,乱戦
18,20,m50,171164,17,11,1221,396,6,鉄砲,4,待機
18,21,m51,170924,17,9,1221,324,2,弓兵,4,待機
18,22,m52,091513,9,15,1509,540,1,足軽,3,守備
18,23,m53,221540,22,15,1041,540,4,猛者,0,乱戦
18,24,m54,221940,22,19,1041,684,4,猛者,0,乱戦
18,25,m55,222040,22,20,1041,720,4,猛者,0,乱戦
18,26,m56,172264,17,22,1221,792,6,鉄砲,4,待機
18,27,m57,172424,17,24,1221,864,2,弓兵,4,待機
18,28,m58,221240,22,12,1041,432,4,猛者,0,乱戦
18,29,m59,221640,22,16,1041,576,4,猛者,0,乱戦
19,0,m30,111633,11,16,1437,576,3,武将,3,守備
19,1,m31,191440,19,14,1149,504,4,猛者,0,乱戦
19,2,m32,181740,18,17,1185,612,4,猛者,0,乱戦
19,3,m33,081524,8,15,1545,540,2,弓兵,4,待機
19,4,m34,091613,9,16,1509,576,1,足軽,3,守備
19,5,m35,071824,7,18,1581,648,2,弓兵,4,待機
19,6,m36,081724,8,17,1545,612,2,弓兵,4,待機
19,7,m37,101223,10,12,1473,432,2,弓兵,3,守備
19,8,m38,121823,12,18,1401,648,2,弓兵,3,守備
19,9,m39,102023,10,20,1473,720,2,弓兵,3,守備
19,10,m40,141624,14,16,1329,576,2,弓兵,4,待機
19,11,m41,141524,14,15,1329,540,2,弓兵,4,待機
19,12,m42,141724,14,17,1329,612,2,弓兵,4,待機
19,13,m43,201340,20,13,1113,468,4,猛者,0,乱戦
19,14,m44,191640,19,16,1149,576,4,猛者,0,乱戦
19,15,m45,071424,7,14,1581,504,2,弓兵,4,待機
19,16,m46,121423,12,14,1401,504,2,弓兵,3,守備
19,17,m47,131633,13,16,1365,576,3,武将,3,守備
19,18,m48,201740,20,17,1113,612,4,猛者,0,乱戦
19,19,m49,171540,17,15,1221,540,4,猛者,0,乱戦
19,20,m50,171164,17,11,1221,396,6,鉄砲,4,待機
19,21,m51,091124,9,11,1509,396,2,弓兵,4,待機
19,22,m52,071614,7,16,1581,576,1,足軽,4,待機
19,23,m53,221540,22,15,1041,540,4,猛者,0,乱戦
19,24,m54,201940,20,19,1113,684,4,猛者,0,乱戦
19,25,m55,211640,21,16,1077,576,4,猛者,0,乱戦
19,26,m56,172264,17,22,1221,792,6,鉄砲,4,待機
19,27,m57,092124,9,21,1509,756,2,弓兵,4,待機
19,28,m58,211440,21,14,1077,504,4,猛者,0,乱戦
19,29,m59,221840,22,18,1041,648,4,猛者,0,乱戦
20,0,m30,111633,11,16,1437,576,3,武将,3,守備
20,1,m31,191458,19,14,1149,504,5,軍師,8,迎撃
20,2,m32,172140,17,21,1221,756,4,猛者,0,乱戦
20,3,m33,071524,7,15,1581,540,2,弓兵,4,待機
20,4,m34,101218,10,12,1473,432,1,足軽,8,迎撃
20,5,m35,071824,7,18,1581,648,2,弓兵,4,待機
20,6,m36,071724,7,17,1581,612,2,弓兵,4,待機
20,7,m37,131178,13,11,1365,396,7,忍者,8,迎撃
20,8,m38,212118,21,21,1077,756,1,足軽,8,迎撃
20,9,m39,132018,13,20,1365,720,1,足軽,8,迎撃
20,10,m40,141624,14,16,1329,576,2,弓兵,4,待機
20,11,m41,141524,14,15,1329,540,2,弓兵,4,待機
20,12,m42,141724,14,17,1329,612,2,弓兵,4,待機
20,13,m43,191640,19,16,1149,576,4,猛者,0,乱戦
20,14,m44,212640,21,26,1077,936,4,猛者,0,乱戦
20,15,m45,071424,7,14,1581,504,2,弓兵,4,待機
20,16,m46,211138,21,11,1077,396,3,武将,8,迎撃
20,17,m47,181838,18,18,1185,648,3,武将,8,迎撃
20,18,m48,201728,20,17,1113,612,2,弓兵,8,迎撃
20,19,m49,171540,17,15,1221,540,4,猛者,0,乱戦
20,20,m50,171218,17,12,1221,432,1,足軽,8,迎撃
20,21,m51,112418,11,24,1437,864,1,足軽,8,迎撃
20,22,m52,120958,12,9,1401,324,5,軍師,8,迎撃
20,23,m53,211440,21,14,1077,504,4,猛者,0,乱戦
20,24,m54,201958,20,19,1113,684,5,軍師,8,迎撃
20,25,m55,121340,12,13,1401,468,4,猛者,0,乱戦
20,26,m56,221768,22,17,1041,612,6,鉄砲,8,迎撃
20,27,m57,142223,14,22,1329,792,2,弓兵,3,守備
20,28,m58,161040,16,10,1257,360,4,猛者,0,乱戦
20,29,m59,091840,9,18,1509,648,4,猛者,0,乱戦
21,0,m30,111633,11,16,1437,576,3,武将,3,守備
21,1,m31,200551,20,5,1113,180,5,軍師,1,突撃
21,2,m32,221940,22,19,1041,684,4,猛者,0,乱戦
21,3,m33,071524,7,15,1581,540,2,弓兵,4,待機
21,4,m34,162671,16,26,1257,936,7,忍者,1,突撃
21,5,m35,220521,22,5,1041,180,2,弓兵,1,突撃
21,6,m36,071724,7,17,1581,612,2,弓兵,4,待機
21,7,m37,190611,19,6,1149,216,1,足軽,1,突撃
21,8,m38,160771,16,7,1257,252,7,忍者,1,突撃
21,9,m39,192711,19,27,1149,972,1,足軽,1,突撃
21,10,m40,220711,22,7,1041,252,1,足軽,1,突撃
21,11,m41,141524,14,15,1329,540,2,弓兵,4,待機
21,12,m42,141724,14,17,1329,612,2,弓兵,4,待機
21,13,m43,211840,21,18,1077,648,4,猛者,0,乱戦
21,14,m44,211640,21,16,1077,576,4,猛者,0,乱戦
21,15,m45,222821,22,28,1041,1008,2,弓兵,1,突撃
21,16,m46,180531,18,5,1185,180,3,武将,1,突撃
21,17,m47,182831,18,28,1185,1008,3,武将,1,突撃
21,18,m48,212721,21,27,1077,972,2,弓兵,1,突撃
21,19,m49,211440,21,14,1077,504,4,猛者,0,乱戦
21,20,m50,160561,16,5,1257,180,6,鉄砲,1,突撃
21,21,m51,172711,17,27,1221,972,1,足軽,1,突撃
21,22,m52,170611,17,6,1221,216,1,足軽,1,突撃
21,23,m53,221340,22,13,1041,468,4,猛者,0,乱戦
21,24,m54,202851,20,28,1113,1008,5,軍師,1,突撃
21,25,m55,201540,20,15,1113,540,4,猛者,0,乱戦
21,26,m56,162861,16,28,1257,1008,6,鉄砲,1,突撃
21,27,m57,210621,21,6,1077,216,2,弓兵,1,突撃
21,28,m58,222611,22,26,1041,936,1,足軽,1,突撃
21,29,m59,201740,20,17,1113,612,4,猛者,0,乱戦
22,0,m30,111633,11,16,1437,576,3,武将,3,守備
22,1,m31,191211,19,12,1149,432,1,足軽,1,突撃
22,2,m32,192011,19,20,1149,720,1,足軽,1,突撃
22,3,m33,071524,7,15,1581,540,2,弓兵,4,待機
22,4,m34,222511,22,25,1041,900,1,足軽,1,突撃
22,5,m35,071724,7,17,1581,612,2,弓兵,4,待機
22,6,m36,220711,22,7,1041,252,1,足軽,1,突撃
22,7,m37,201111,20,11,1113,396,1,足軽,1,突撃
22,8,m38,212211,21,22,1077,792,1,足軽,1,突撃
22,9,m39,202111,20,21,1113,756,1,足軽,1,突撃
22,10,m40,081624,8,16,1545,576,2,弓兵,4,待機
22,11,m41,220521,22,5,1041,180,2,弓兵,1,突撃
22,12,m42,222721,22,27,1041,972,2,弓兵,1,突撃
22,13,m43,081424,8,14,1545,504,2,弓兵,4,待機
22,14,m44,081824,8,18,1545,648,2,弓兵,4,待機
22,15,m45,171431,17,14,1221,504,3,武将,1,突撃
22,16,m46,211011,21,10,1077,360,1,足軽,1,突撃
22,17,m47,171831,17,18,1221,648,3,武将,1,突撃
22,18,m48,221640,22,16,1041,576,4,猛者,0,乱戦
22,19,m49,211540,21,15,1077,540,4,猛者,0,乱戦
22,20,m50,181351,18,13,1185,468,5,軍師,1,突撃
22,21,m51,220611,22,6,1041,216,1,足軽,1,突撃
22,22,m52,181661,18,16,1185,576,6,鉄砲,1,突撃
22,23,m53,220971,22,9,1041,324,7,忍者,1,突撃
22,24,m54,222371,22,23,1041,828,7,忍者,1,突撃
22,25,m55,191561,19,15,1149,540,6,鉄砲,1,突撃
22,26,m56,191761,19,17,1149,612,6,鉄砲,1,突撃
22,27,m57,222611,22,26,1041,936,1,足軽,1,突撃
22,28,m58,181951,18,19,1185,684,5,軍師,1,突撃
22,29,m59,211740,21,17,1077,612,4,猛者,0,乱戦
23,0,m30,111633,11,16,1437,576,3,武将,3,守備
23,1,m31,191211,19,12,1149,432,1,足軽,1,突撃
23,2,m32,192011,19,20,1149,720,1,足軽,1,突撃
23,3,m33,071524,7,15,1581,540,2,弓兵,4,待機
23,4,m34,222511,22,25,1041,900,1,足軽,1,突撃
23,5,m35,071724,7,17,1581,612,2,弓兵,4,待機
23,6,m36,220711,22,7,1041,252,1,足軽,1,突撃
23,7,m37,201111,20,11,1113,396,1,足軽,1,突撃
23,8,m38,212211,21,22,1077,792,1,足軽,1,突撃
23,9,m39,202111,20,21,1113,756,1,足軽,1,突撃
23,10,m40,081624,8,16,1545,576,2,弓兵,4,待機
23,11,m41,220521,22,5,1041,180,2,弓兵,1,突撃
23,12,m42,222721,22,27,1041,972,2,弓兵,1,突撃
23,13,m43,081424,8,14,1545,504,2,弓兵,4,待機
23,14,m44,081824,8,18,1545,648,2,弓兵,4,待機
23,15,m45,171431,17,14,1221,504,3,武将,1,突撃
23,16,m46,211011,21,10,1077,360,1,足軽,1,突撃
23,17,m47,171831,17,18,1221,648,3,武将,1,突撃
23,18,m48,221640,22,16,1041,576,4,猛者,0,乱戦
23,19,m49,211540,21,15,1077,540,4,猛者,0,乱戦
23,20,m50,181351,18,13,1185,468,5,軍師,1,突撃
23,21,m51,220611,22,6,1041,216,1,足軽,1,突撃
23,22,m52,181661,18,16,1185,576,6,鉄砲,1,突撃
23,23,m53,220971,22,9,1041,324,7,忍者,1,突撃
23,24,m54,222371,22,23,1041,828,7,忍者,1,突撃
23,25,m55,191561,19,15,1149,540,6,鉄砲,1,突撃
23,26,m56,191761,19,17,1149,612,6,鉄砲,1,突撃
23,27,m57,222611,22,26,1041,936,1,足軽,1,突撃
23,28,m58,181951,18,19,1185,684,5,軍師,1,突撃
23,29,m59,211740,21,17,1077,612,4,猛者,0,乱戦
24,0,m30,111633,11,16,1437,576,3,武将,3,守備
24,1,m31,220771,22,7,1041,252,7,忍者,1,突撃
24,2,m32,222671,22,26,1041,936,7,忍者,1,突撃
24,3,m33,071564,7,15,1581,540,6,鉄砲,4,待機
24,4,m34,222211,22,22,1041,792,1,足軽,1,突撃
24,5,m35,071764,7,17,1581,612,6,鉄砲,4,待機
24,6,m36,221111,22,11,1041,396,1,足軽,1,突撃
24,7,m37,220811,22,8,1041,288,1,足軽,1,突撃
24,8,m38,222011,22,20,1041,720,1,足軽,1,突撃
24,9,m39,222511,22,25,1041,900,1,足軽,1,突撃
24,10,m40,221751,22,17,1041,612,5,軍師,1,突撃
24,11,m41,222451,22,24,1041,864,5,軍師,1,突撃
24,12,m42,201631,20,16,1113,576,3,武将,1,突撃
24,13,m43,220621,22,6,1041,216,2,弓兵,1,突撃
24,14,m44,222721,22,27,1041,972,2,弓兵,1,突撃
24,15,m45,201431,20,14,1113,504,3,武将,1,突撃
24,16,m46,221311,22,13,1041,468,1,足軽,1,突撃
24,17,m47,201831,20,18,1113,648,3,武将,1,突撃
24,18,m48,221011,22,10,1041,360,1,足軽,1,突撃
24,19,m49,221511,22,15,1041,540,1,足軽,1,突撃
24,20,m50,221461,22,14,1041,504,6,鉄砲,1,突撃
24,21,m51,220511,22,5,1041,180,1,足軽,1,突撃
24,22,m52,221961,22,19,1041,684,6,鉄砲,1,突撃
24,23,m53,220951,22,9,1041,324,5,軍師,1,突撃
24,24,m54,222811,22,28,1041,1008,1,足軽,1,突撃
24,25,m55,221251,22,12,1041,432,5,軍師,1,突撃
24,26,m56,222151,22,21,1041,756,5,軍師,1,突撃
24,27,m57,222311,22,23,1041,828,1,足軽,1,突撃
24,28,m58,221651,22,16,1041,576,5,軍師,1,突撃
24,29,m59,221811,22,18,1041,648,1,足軽,1,突撃
25,0,m30,111633,11,16,1437,576,3,武将,3,守備
25,1,m31,171023,17,10,1221,360,2,弓兵,3,守備
25,2,m32,182018,18,20,1185,720,1,足軽,8,迎撃
25,3,m33,071524,7,15,1581,540,2,弓兵,4,待機
25,4,m34,072113,7,21,1581,756,1,足軽,3,守備
25,5,m35,071713,7,17,1581,612,1,足軽,3,守備
25,6,m36,071213,7,12,1581,432,1,足軽,3,守備
25,7,m37,170923,17,9,1221,324,2,弓兵,3,守備
25,8,m38,172423,17,24,1221,864,2,弓兵,3,守備
25,9,m39,172323,17,23,1221,828,2,弓兵,3,守備
25,10,m40,141664,14,16,1329,576,6,鉄砲,4,待機
25,11,m41,141523,14,15,1329,540,2,弓兵,3,守備
25,12,m42,141723,14,17,1329,612,2,弓兵,3,守備
25,13,m43,071824,7,18,1581,648,2,弓兵,4,待機
25,14,m44,071613,7,16,1581,576,1,足軽,3,守備
25,15,m45,171338,17,13,1221,468,3,武将,8,迎撃
25,16,m46,181218,18,12,1185,432,1,足軽,8,迎撃
25,17,m47,171938,17,19,1221,684,3,武将,8,迎撃
25,18,m48,181611,18,16,1185,576,1,足軽,1,突撃
25,19,m49,221540,22,15,1041,540,4,猛者,0,乱戦
25,20,m50,161458,16,14,1257,504,5,軍師,8,迎撃
25,21,m51,081453,8,14,1545,504,5,軍師,3,守備
25,22,m52,161858,16,18,1257,648,5,軍師,8,迎撃
25,23,m53,220571,22,5,1041,180,7,忍者,1,突撃
25,24,m54,222871,22,28,1041,1008,7,忍者,1,突撃
25,25,m55,171164,17,11,1221,396,6,鉄砲,4,待機
25,26,m56,172264,17,22,1221,792,6,鉄砲,4,待機
25,27,m57,081953,8,19,1545,684,5,軍師,3,守備
25,28,m58,211640,21,16,1077,576,4,猛者,0,乱戦
25,29,m59,221740,22,17,1041,612,4,猛者,0,乱戦
26,0,m30,111633,11,16,1437,576,3,武将,3,守備
26,1,m31,211458,21,14,1077,504,5,軍師,8,迎撃
26,2,m32,222411,22,24,1041,864,1,足軽,1,突撃
26,3,m33,081513,8,15,1545,540,1,足軽,3,守備
26,4,m34,071564,7,15,1581,540,6,鉄砲,4,待機
26,5,m35,081713,8,17,1545,612,1,足軽,3,守備
26,6,m36,071664,7,16,1581,576,6,鉄砲,4,待機
26,7,m37,211858,21,18,1077,648,5,軍師,8,迎撃
26,8,m38,191728,19,17,1149,612,2,弓兵,8,迎撃
26,9,m39,191528,19,15,1149,540,2,弓兵,8,迎撃
26,10,m40,141664,14,16,1329,576,6,鉄砲,4,待機
26,11,m41,141523,14,15,1329,540,2,弓兵,3,守備
26,12,m42,141723,14,17,1329,612,2,弓兵,3,守備
26,13,m43,101658,10,16,1473,576,5,軍師,8,迎撃
26,14,m44,081613,8,16,1545,576,1,足軽,3,守備
26,15,m45,210931,21,9,1077,324,3,武将,1,突撃
26,16,m46,220811,22,8,1041,288,1,足軽,1,突撃
26,17,m47,212331,21,23,1077,828,3,武将,1,突撃
26,18,m48,181618,18,16,1185,576,1,足軽,8,迎撃
26,19,m49,161540,16,15,1257,540,4,猛者,0,乱戦
26,20,m50,221051,22,10,1041,360,5,軍師,1,突撃
26,21,m51,071764,7,17,1581,612,6,鉄砲,4,待機
26,22,m52,222251,22,22,1041,792,5,軍師,1,突撃
26,23,m53,220571,22,5,1041,180,7,忍者,1,突撃
26,24,m54,222871,22,28,1041,1008,7,忍者,1,突撃
26,25,m55,171063,17,10,1221,360,6,鉄砲,3,守備
26,26,m56,172363,17,23,1221,828,6,鉄砲,3,守備
26,27,m57,221611,22,16,1041,576,1,足軽,1,突撃
26,28,m58,191140,19,11,1149,396,4,猛者,0,乱戦
26,29,m59,192140,19,21,1149,756,4,猛者,0,乱戦
27,0,m30,111633,11,16,1437,576,3,武将,3,守備
27,1,m31,181411,18,14,1185,504,1,足軽,1,突撃
27,2,m32,181811,18,18,1185,648,1,足軽,1,突撃
27,3,m33,071414,7,14,1581,504,1,足軽,4,待機
27,4,m34,091714,9,17,1509,612,1,足軽,4,待機
27,5,m35,071814,7,18,1581,648,1,足軽,4,待機
27,6,m36,091514,9,15,1509,540,1,足軽,4,待機
27,7,m37,201411,20,14,1113,504,1,足軽,1,突撃
27,8,m38,191811,19,18,1149,648,1,足軽,1,突撃
27,9,m39,201811,20,18,1113,648,1,足軽,1,突撃
27,10,m40,071664,7,16,1581,576,6,鉄砲,4,待機
27,11,m41,071564,7,15,1581,540,6,鉄砲,4,待機
27,12,m42,071764,7,17,1581,612,6,鉄砲,4,待機
27,13,m43,081414,8,14,1545,504,1,足軽,4,待機
27,14,m44,081814,8,18,1545,648,1,足軽,4,待機
27,15,m45,171531,17,15,1221,540,3,武将,1,突撃
27,16,m46,191411,19,14,1149,504,1,足軽,1,突撃
27,17,m47,171731,17,17,1221,612,3,武将,1,突撃
27,18,m48,221940,22,19,1041,684,4,猛者,0,乱戦
27,19,m49,211511,21,15,1077,540,1,足軽,1,突撃
27,20,m50,201658,20,16,1113,576,5,軍師,8,迎撃
27,21,m51,201158,20,11,1113,396,5,軍師,8,迎撃
27,22,m52,181658,18,16,1185,576,5,軍師,8,迎撃
27,23,m53,211271,21,12,1077,432,7,忍者,1,突撃
27,24,m54,212071,21,20,1077,720,7,忍者,1,突撃
27,25,m55,141564,14,15,1329,540,6,鉄砲,4,待機
27,26,m56,141764,14,17,1329,612,6,鉄砲,4,待機
27,27,m57,202158,20,21,1113,756,5,軍師,8,迎撃
27,28,m58,221340,22,13,1041,468,4,猛者,0,乱戦
27,29,m59,211711,21,17,1077,612,1,足軽,1,突撃
28,0,m30,111633,11,16,1437,576,3,武将,3,守備
28,1,m31,211011,21,10,1077,360,1,足軽,1,突撃
28,2,m32,202311,20,23,1113,828,1,足軽,1,突撃
28,3,m33,071324,7,13,1581,468,2,弓兵,4,待機
28,4,m34,111914,11,19,1437,684,1,足軽,4,待機
28,5,m35,071924,7,19,1581,684,2,弓兵,4,待機
28,6,m36,111314,11,13,1437,468,1,足軽,4,待機
28,7,m37,201611,20,16,1113,576,1,足軽,1,突撃
28,8,m38,212311,21,23,1077,828,1,足軽,1,突撃
28,9,m39,222311,22,23,1041,828,1,足軽,1,突撃
28,10,m40,131824,13,18,1365,648,2,弓兵,4,待機
28,11,m41,131424,13,14,1365,504,2,弓兵,4,待機
28,12,m42,071664,7,16,1581,576,6,鉄砲,4,待機
28,13,m43,091224,9,12,1509,432,2,弓兵,4,待機
28,14,m44,092024,9,20,1509,720,2,弓兵,4,待機
28,15,m45,181331,18,13,1185,468,3,武将,1,突撃
28,16,m46,221011,22,10,1041,360,1,足軽,1,突撃
28,17,m47,181931,18,19,1185,684,3,武将,1,突撃
28,18,m48,211840,21,18,1077,648,4,猛者,0,乱戦
28,19,m49,211611,21,16,1077,576,1,足軽,1,突撃
28,20,m50,191558,19,15,1149,540,5,軍師,8,迎撃
28,21,m51,201011,20,10,1113,360,1,足軽,1,突撃
28,22,m52,191758,19,17,1149,612,5,軍師,8,迎撃
28,23,m53,201271,20,12,1113,432,7,忍者,1,突撃
28,24,m54,202071,20,20,1113,720,7,忍者,1,突撃
28,25,m55,141564,14,15,1329,540,6,鉄砲,4,待機
28,26,m56,141764,14,17,1329,612,6,鉄砲,4,待機
28,27,m57,161638,16,16,1257,576,3,武将,8,迎撃
28,28,m58,211440,21,14,1077,504,4,猛者,0,乱戦
28,29,m59,221611,22,16,1041,576,1,足軽,1,突撃
29,0,m30,111633,11,16,1437,576,3,武将,3,守備
29,1,m31,180611,18,6,1185,216,1,足軽,1,突撃
29,2,m32,182811,18,28,1185,1008,1,足軽,1,突撃
29,3,m33,071564,7,15,1581,540,6,鉄砲,4,待機
29,4,m34,171914,17,19,1221,684,1,足軽,4,待機
29,5,m35,071764,7,17,1581,612,6,鉄砲,4,待機
29,6,m36,161424,16,14,1257,504,2,弓兵,4,待機
29,7,m37,220811,22,8,1041,288,1,足軽,1,突撃
29,8,m38,182711,18,27,1185,972,1,足軽,1,突撃
29,9,m39,182611,18,26,1185,936,1,足軽,1,突撃
29,10,m40,161824,16,18,1257,648,2,弓兵,4,待機
29,11,m41,222511,22,25,1041,900,1,足軽,1,突撃
29,12,m42,181224,18,12,1185,432,2,弓兵,4,待機
29,13,m43,171314,17,13,1221,468,1,足軽,4,待機
29,14,m44,182024,18,20,1185,720,2,弓兵,4,待機
29,15,m45,141233,14,12,1329,432,3,武将,3,守備
29,16,m46,180511,18,5,1185,180,1,足軽,1,突撃
29,17,m47,142033,14,20,1329,720,3,武将,3,守備
29,18,m48,212240,21,22,1077,792,4,猛者,0,乱戦
29,19,m49,221011,22,10,1041,360,1,足軽,1,突撃
29,20,m50,211558,21,15,1077,540,5,軍師,8,迎撃
29,21,m51,180711,18,7,1185,252,1,足軽,1,突撃
29,22,m52,211758,21,17,1077,612,5,軍師,8,迎撃
29,23,m53,210971,21,9,1077,324,7,忍者,1,突撃
29,24,m54,212471,21,24,1077,864,7,忍者,1,突撃
29,25,m55,141523,14,15,1329,540,2,弓兵,3,守備
29,26,m56,141723,14,17,1329,612,2,弓兵,3,守備
29,27,m57,161638,16,16,1257,576,3,武将,8,迎撃
29,28,m58,211140,21,11,1077,396,4,猛者,0,乱戦
29,29,m59,222311,22,23,1041,828,1,足軽,1,突撃
30,0,m30,111633,11,16,1437,576,3,武将,3,守備
30,1,m31,200811,20,8,1113,288,1,足軽,1,突撃
30,2,m32,192411,19,24,1149,864,1,足軽,1,突撃
30,3,m33,071524,7,15,1581,540,2,弓兵,4,待機
30,4,m34,111971,11,19,1437,684,7,忍者,1,突撃
30,5,m35,071724,7,17,1581,612,2,弓兵,4,待機
30,6,m36,111371,11,13,1437,468,7,忍者,1,突撃
30,7,m37,190811,19,8,1149,288,1,足軽,1,突撃
30,8,m38,202411,20,24,1113,864,1,足軽,1,突撃
30,9,m39,202771,20,27,1113,972,7,忍者,1,突撃
30,10,m40,201728,20,17,1113,612,2,弓兵,8,迎撃
30,11,m41,141523,14,15,1329,540,2,弓兵,3,守備
30,12,m42,141723,14,17,1329,612,2,弓兵,3,守備
30,13,m43,201528,20,15,1113,540,2,弓兵,8,迎撃
30,14,m44,071664,7,16,1581,576,6,鉄砲,4,待機
30,15,m45,191031,19,10,1149,360,3,武将,1,突撃
30,16,m46,210671,21,6,1077,216,7,忍者,1,突撃
30,17,m47,192231,19,22,1149,792,3,武将,1,突撃
30,18,m48,221740,22,17,1041,612,4,猛者,0,乱戦
30,19,m49,210951,21,9,1077,324,5,軍師,1,突撃
30,20,m50,221051,22,10,1041,360,5,軍師,1,突撃
30,21,m51,121553,12,15,1401,540,5,軍師,3,守備
30,22,m52,222251,22,22,1041,792,5,軍師,1,突撃
30,23,m53,220571,22,5,1041,180,7,忍者,1,突撃
30,24,m54,212871,21,28,1077,1008,7,忍者,1,突撃
30,25,m55,171164,17,11,1221,396,6,鉄砲,4,待機
30,26,m56,172264,17,22,1221,792,6,鉄砲,4,待機
30,27,m57,121753,12,17,1401,612,5,軍師,3,守備
30,28,m58,221540,22,15,1041,540,4,猛者,0,乱戦
30,29,m59,212351,21,23,1077,828,5,軍師,1,突撃
31,0,m30,111633,11,16,1437,576,3,武将,3,守備
31,1,m31,200611,20,6,1113,216,1,足軽,1,突撃
31,2,m32,202511,20,25,1113,900,1,足軽,1,突撃
31,3,m33,071564,7,15,1581,540,6,鉄砲,4,待機
31,4,m34,101713,10,17,1473,612,1,足軽,3,守備
31,5,m35,071764,7,17,1581,612,6,鉄砲,4,待機
31,6,m36,101513,10,15,1473,540,1,足軽,3,守備
31,7,m37,200711,20,7,1113,252,1,足軽,1,突撃
31,8,m38,202611,20,26,1113,936,1,足軽,1,突撃
31,9,m39,202711,20,27,1113,972,1,足軽,1,突撃
31,10,m40,131624,13,16,1365,576,2,弓兵,4,待機
31,11,m41,191328,19,13,1149,468,2,弓兵,8,迎撃
31,12,m42,191828,19,18,1149,648,2,弓兵,8,迎撃
31,13,m43,101324,10,13,1473,468,2,弓兵,4,待機
31,14,m44,101924,10,19,1473,684,2,弓兵,4,待機
31,15,m45,211331,21,13,1077,468,3,武将,1,突撃
31,16,m46,200811,20,8,1113,288,1,足軽,1,突撃
31,17,m47,211831,21,18,1077,648,3,武将,1,突撃
31,18,m48,221668,22,16,1041,576,6,鉄砲,8,迎撃
31,19,m49,191440,19,14,1149,504,4,猛者,0,乱戦
31,20,m50,221958,22,19,1041,684,5,軍師,8,迎撃
31,21,m51,171551,17,15,1221,540,5,軍師,1,突撃
31,22,m52,221258,22,12,1041,432,5,軍師,8,迎撃
31,23,m53,220771,22,7,1041,252,7,忍者,1,突撃
31,24,m54,222671,22,26,1041,936,7,忍者,1,突撃
31,25,m55,141564,14,15,1329,540,6,鉄砲,4,待機
31,26,m56,141764,14,17,1329,612,6,鉄砲,4,待機
31,27,m57,171651,17,16,1221,576,5,軍師,1,突撃
31,28,m58,221568,22,15,1041,540,6,鉄砲,8,迎撃
31,29,m59,191740,19,17,1149,612,4,猛者,0,乱戦
32,0,m30,161633,16,16,1257,576,3,武将,3,守備
32,1,m31,211011,21,10,1077,360,1,足軽,1,突撃
32,2,m32,212011,21,20,1077,720,1,足軽,1,突撃
32,3,m33,071564,7,15,1581,540,6,鉄砲,4,待機
32,4,m34,071764,7,17,1581,612,6,鉄砲,4,待機
32,5,m35,071664,7,16,1581,576,6,鉄砲,4,待機
32,6,m36,091623,9,16,1509,576,2,弓兵,3,守備
32,7,m37,211111,21,11,1077,396,1,足軽,1,突撃
32,8,m38,211911,21,19,1077,684,1,足軽,1,突撃
32,9,m39,212111,21,21,1077,756,1,足軽,1,突撃
32,10,m40,141664,14,16,1329,576,6,鉄砲,4,待機
32,11,m41,131223,13,12,1365,432,2,弓兵,3,守備
32,12,m42,132023,13,20,1365,720,2,弓兵,3,守備
32,13,m43,071324,7,13,1581,468,2,弓兵,4,待機
32,14,m44,071924,7,19,1581,684,2,弓兵,4,待機
32,15,m45,211331,21,13,1077,468,3,武将,1,突撃
32,16,m46,211211,21,12,1077,432,1,足軽,1,突撃
32,17,m47,211831,21,18,1077,648,3,武将,1,突撃
32,18,m48,221613,22,16,1041,576,1,足軽,3,守備
32,19,m49,221440,22,14,1041,504,4,猛者,0,乱戦
32,20,m50,081853,8,18,1545,648,5,軍師,3,守備
32,21,m51,121453,12,14,1401,504,5,軍師,3,守備
32,22,m52,081453,8,14,1545,504,5,軍師,3,守備
32,23,m53,101373,10,13,1473,468,7,忍者,3,守備
32,24,m54,101973,10,19,1473,684,7,忍者,3,守備
32,25,m55,141564,14,15,1329,540,6,鉄砲,4,待機
32,26,m56,141764,14,17,1329,612,6,鉄砲,4,待機
32,27,m57,121853,12,18,1401,648,5,軍師,3,守備
32,28,m58,221513,22,15,1041,540,1,足軽,3,守備
32,29,m59,221740,22,17,1041,612,4,猛者,0,乱戦
33,0,m30,111633,11,16,1437,576,3,武将,3,守備
33,1,m31,221421,22,14,1041,504,2,弓兵,1,突撃
33,2,m32,221721,22,17,1041,612,2,弓兵,1,突撃
33,3,m33,071514,7,15,1581,540,1,足軽,4,待機
33,4,m34,081614,8,16,1545,576,1,足軽,4,待機
33,5,m35,071714,7,17,1581,612,1,足軽,4,待機
33,6,m36,091414,9,14,1509,504,1,足軽,4,待機
33,7,m37,211321,21,13,1077,468,2,弓兵,1,突撃
33,8,m38,211821,21,18,1077,648,2,弓兵,1,突撃
33,9,m39,201921,20,19,1113,684,2,弓兵,1,突撃
33,10,m40,141664,14,16,1329,576,6,鉄砲,4,待機
33,11,m41,141223,14,12,1329,432,2,弓兵,3,守備
33,12,m42,142023,14,20,1329,720,2,弓兵,3,守備
33,13,m43,081514,8,15,1545,540,1,足軽,4,待機
33,14,m44,081714,8,17,1545,612,1,足軽,4,待機
33,15,m45,191331,19,13,1149,468,3,武将,1,突撃
33,16,m46,201221,20,12,1113,432,2,弓兵,1,突撃
33,17,m47,191831,19,18,1149,648,3,武将,1,突撃
33,18,m48,222040,22,20,1041,720,4,猛者,0,乱戦
33,19,m49,201571,20,15,1113,540,7,忍者,1,突撃
33,20,m50,181458,18,14,1185,504,5,軍師,8,迎撃
33,21,m51,091814,9,18,1509,648,1,足軽,4,待機
33,22,m52,181758,18,17,1185,612,5,軍師,8,迎撃
33,23,m53,171571,17,15,1221,540,7,忍者,1,突撃
33,24,m54,171671,17,16,1221,576,7,忍者,1,突撃
33,25,m55,141523,14,15,1329,540,2,弓兵,3,守備
33,26,m56,141723,14,17,1329,612,2,弓兵,3,守備
33,27,m57,071664,7,16,1581,576,6,鉄砲,4,待機
33,28,m58,221140,22,11,1041,396,4,猛者,0,乱戦
33,29,m59,201671,20,16,1113,576,7,忍者,1,突撃
34,0,m30,111633,11,16,1437,576,3,武将,3,守備
34,1,m31,181411,18,14,1185,504,1,足軽,1,突撃
34,2,m32,181711,18,17,1185,612,1,足軽,1,突撃
34,3,m33,071524,7,15,1581,540,2,弓兵,4,待機
34,4,m34,122018,12,20,1401,720,1,足軽,8,迎撃
34,5,m35,071724,7,17,1581,612,2,弓兵,4,待機
34,6,m36,121218,12,12,1401,432,1,足軽,8,迎撃
34,7,m37,191311,19,13,1149,468,1,足軽,1,突撃
34,8,m38,191811,19,18,1149,648,1,足軽,1,突撃
34,9,m39,201911,20,19,1113,684,1,足軽,1,突撃
34,10,m40,141624,14,16,1329,576,2,弓兵,4,待機
34,11,m41,141523,14,15,1329,540,2,弓兵,3,守備
34,12,m42,141723,14,17,1329,612,2,弓兵,3,守備
34,13,m43,081424,8,14,1545,504,2,弓兵,4,待機
34,14,m44,081824,8,18,1545,648,2,弓兵,4,待機
34,15,m45,171331,17,13,1221,468,3,武将,1,突撃
34,16,m46,201211,20,12,1113,432,1,足軽,1,突撃
34,17,m47,171931,17,19,1221,684,3,武将,1,突撃
34,18,m48,201640,20,16,1113,576,4,猛者,0,乱戦
34,19,m49,211440,21,14,1077,504,4,猛者,0,乱戦
34,20,m50,161458,16,14,1257,504,5,軍師,8,迎撃
34,21,m51,121358,12,13,1401,468,5,軍師,8,迎撃
34,22,m52,161858,16,18,1257,648,5,軍師,8,迎撃
34,23,m53,191071,19,10,1149,360,7,忍者,1,突撃
34,24,m54,192371,19,23,1149,828,7,忍者,1,突撃
34,25,m55,171164,17,11,1221,396,6,鉄砲,4,待機
34,26,m56,172264,17,22,1221,792,6,鉄砲,4,待機
34,27,m57,121958,12,19,1401,684,5,軍師,8,迎撃
34,28,m58,201540,20,15,1113,540,4,猛者,0,乱戦
34,29,m59,211740,21,17,1077,612,4,猛者,0,乱戦
35,0,m30,131338,13,13,1365,468,3,武将,8,迎撃
35,1,m31,071523,7,15,1581,540,2,弓兵,3,守備
35,2,m32,091413,9,14,1509,504,1,足軽,3,守備
35,3,m33,071623,7,16,1581,576,2,弓兵,3,守備
35,4,m34,091613,9,16,1509,576,1,足軽,3,守備
35,5,m35,111718,11,17,1437,612,1,足軽,8,迎撃
35,6,m36,071723,7,17,1581,612,2,弓兵,3,守備
35,7,m37,132038,13,20,1365,720,3,武将,8,迎撃
35,8,m38,161511,16,15,1257,540,1,足軽,1,突撃
35,9,m39,161311,16,13,1257,468,1,足軽,1,突撃
35,10,m40,171120,17,11,1221,396,2,弓兵,0,乱戦
35,11,m41,172223,17,22,1221,792,2,弓兵,3,守備
35,12,m42,200771,20,7,1113,252,7,忍者,1,突撃
35,13,m43,192771,19,27,1149,972,7,忍者,1,突撃
35,14,m44,151258,15,12,1293,432,5,軍師,8,迎撃
35,15,m45,152058,15,20,1293,720,5,軍師,8,迎撃
35,16,m46,091813,9,18,1509,648,1,足軽,3,守備
35,17,m47,182871,18,28,1185,1008,7,忍者,1,突撃
35,18,m48,161711,16,17,1257,612,1,足軽,1,突撃
35,19,m49,161911,16,19,1257,684,1,足軽,1,突撃
35,20,m50,210871,21,8,1077,288,7,忍者,1,突撃
35,21,m51,190671,19,6,1149,216,7,忍者,1,突撃
35,22,m52,180571,18,5,1185,180,7,忍者,1,突撃
35,23,m53,141564,14,15,1329,540,6,鉄砲,4,待機
35,24,m54,111518,11,15,1437,540,1,足軽,8,迎撃
35,25,m55,181440,18,14,1185,504,4,猛者,0,乱戦
35,26,m56,141764,14,17,1329,612,6,鉄砲,4,待機
35,27,m57,202671,20,26,1113,936,7,忍者,1,突撃
35,28,m58,212571,21,25,1077,900,7,忍者,1,突撃
35,29,m59,181840,18,18,1185,648,4,猛者,0,乱戦
36,0,m30,071514,7,15,1581,540,1,足軽,4,待機
36,1,m31,071614,7,16,1581,576,1,足軽,4,待機
36,2,m32,071714,7,17,1581,612,1,足軽,4,待機
36,3,m33,091613,9,16,1509,576,1,足軽,3,守備
36,4,m34,081423,8,14,1545,504,2,弓兵,3,守備
36,5,m35,081823,8,18,1545,648,2,弓兵,3,守備
36,6,m36,091323,9,13,1509,468,2,弓兵,3,守備
36,7,m37,091923,9,19,1509,684,2,弓兵,3,守備
36,8,m38,131413,13,14,1365,504,1,足軽,3,守備
36,9,m39,131913,13,19,1365,684,1,足軽,3,守備
36,10,m40,131313,13,13,1365,468,1,足軽,3,守備
36,11,m41,101223,10,12,1473,432,2,弓兵,3,守備
36,12,m42,141753,14,17,1329,612,5,軍師,3,守備
36,13,m43,131813,13,18,1365,648,1,足軽,3,守備
36,14,m44,111333,11,13,1437,468,3,武将,3,守備
36,15,m45,111633,11,16,1437,576,3,武将,3,守備
36,16,m46,111933,11,19,1437,684,3,武将,3,守備
36,17,m47,200971,20,9,1113,324,7,忍者,1,突撃
36,18,m48,102023,10,20,1473,720,2,弓兵,3,守備
36,19,m49,202371,20,23,1113,828,7,忍者,1,突撃
36,20,m50,201440,20,14,1113,504,4,猛者,0,乱戦
36,21,m51,201540,20,15,1113,540,4,猛者,0,乱戦
36,22,m52,201640,20,16,1113,576,4,猛者,0,乱戦
36,23,m53,201740,20,17,1113,612,4,猛者,0,乱戦
36,24,m54,201840,20,18,1113,648,4,猛者,0,乱戦
36,25,m55,201940,20,19,1113,684,4,猛者,0,乱戦
36,26,m56,201340,20,13,1113,468,4,猛者,0,乱戦
36,27,m57,202040,20,20,1113,720,4,猛者,0,乱戦
36,28,m58,141664,14,16,1329,576,6,鉄砲,4,待機
36,29,m59,141553,14,15,1329,540,5,軍師,3,守備
37,0,m30,111633,11,16,1437,576,3,武将,3,守備
37,1,m31,111113,11,11,1437,396,1,足軽,3,守備
37,2,m32,091923,9,19,1509,684,2,弓兵,3,守備
37,3,m33,091613,9,16,1509,576,1,足軽,3,守備
37,4,m34,101513,10,15,1473,540,1,足軽,3,守備
37,5,m35,101713,10,17,1473,612,1,足軽,3,守備
37,6,m36,121213,12,12,1401,432,1,足軽,3,守備
37,7,m37,081723,8,17,1545,612,2,弓兵,3,守備
37,8,m38,112113,11,21,1437,756,1,足軽,3,守備
37,9,m39,141624,14,16,1329,576,2,弓兵,4,待機
37,10,m40,071624,7,16,1581,576,2,弓兵,4,待機
37,11,m41,081423,8,14,1545,504,2,弓兵,3,守備
37,12,m42,081823,8,18,1545,648,2,弓兵,3,守備
37,13,m43,071324,7,13,1581,468,2,弓兵,4,待機
37,14,m44,071924,7,19,1581,684,2,弓兵,4,待機
37,15,m45,111333,11,13,1437,468,3,武将,3,守備
37,16,m46,081523,8,15,1545,540,2,弓兵,3,守備
37,17,m47,111933,11,19,1437,684,3,武将,3,守備
37,18,m48,181671,18,16,1185,576,7,忍者,1,突撃
37,19,m49,211440,21,14,1077,504,4,猛者,0,乱戦
37,20,m50,141524,14,15,1329,540,2,弓兵,4,待機
37,21,m51,121353,12,13,1401,468,5,軍師,3,守備
37,22,m52,141724,14,17,1329,612,2,弓兵,4,待機
37,23,m53,091323,9,13,1509,468,2,弓兵,3,守備
37,24,m54,122013,12,20,1401,720,1,足軽,3,守備
37,25,m55,071564,7,15,1581,540,6,鉄砲,4,待機
37,26,m56,071764,7,17,1581,612,6,鉄砲,4,待機
37,27,m57,121953,12,19,1401,684,5,軍師,3,守備
37,28,m58,181571,18,15,1185,540,7,忍者,1,突撃
37,29,m59,211740,21,17,1077,612,4,猛者,0,乱戦
38,0,m30,111658,11,16,1437,576,5,軍師,8,迎撃
38,1,m31,181411,18,14,1185,504,1,足軽,1,突撃
38,2,m32,181711,18,17,1185,612,1,足軽,1,突撃
38,3,m33,071524,7,15,1581,540,2,弓兵,4,待機
38,4,m34,122018,12,20,1401,720,1,足軽,8,迎撃
38,5,m35,071724,7,17,1581,612,2,弓兵,4,待機
38,6,m36,121218,12,12,1401,432,1,足軽,8,迎撃
38,7,m37,191311,19,13,1149,468,1,足軽,1,突撃
38,8,m38,191811,19,18,1149,648,1,足軽,1,突撃
38,9,m39,201911,20,19,1113,684,1,足軽,1,突撃
38,10,m40,141624,14,16,1329,576,2,弓兵,4,待機
38,11,m41,141523,14,15,1329,540,2,弓兵,3,守備
38,12,m42,141723,14,17,1329,612,2,弓兵,3,守備
38,13,m43,081424,8,14,1545,504,2,弓兵,4,待機
38,14,m44,081824,8,18,1545,648,2,弓兵,4,待機
38,15,m45,171358,17,13,1221,468,5,軍師,8,迎撃
38,16,m46,201211,20,12,1113,432,1,足軽,1,突撃
38,17,m47,171958,17,19,1221,684,5,軍師,8,迎撃
38,18,m48,141958,14,19,1329,684,5,軍師,8,迎撃
38,19,m49,191540,19,15,1149,540,4,猛者,0,乱戦
38,20,m50,161458,16,14,1257,504,5,軍師,8,迎撃
38,21,m51,121358,12,13,1401,468,5,軍師,8,迎撃
38,22,m52,161858,16,18,1257,648,5,軍師,8,迎撃
38,23,m53,120913,12,9,1401,324,1,足軽,3,守備
38,24,m54,122313,12,23,1401,828,1,足軽,3,守備
38,25,m55,171164,17,11,1221,396,6,鉄砲,4,待機
38,26,m56,172264,17,22,1221,792,6,鉄砲,4,待機
38,27,m57,121958,12,19,1401,684,5,軍師,8,迎撃
38,28,m58,141358,14,13,1329,468,5,軍師,8,迎撃
38,29,m59,191640,19,16,1149,576,4,猛者,0,乱戦
98,0,m30,141663,14,16,1329,576,6,鉄砲,3,守備
98,1,m31,141333,14,13,1329,468,3,武将,3,守備
98,2,m32,141833,14,18,1329,648,3,武将,3,守備
98,3,m33,071564,7,15,1581,540,6,鉄砲,4,待機
98,4,m34,101668,10,16,1473,576,6,鉄砲,8,迎撃
98,5,m35,071764,7,17,1581,612,6,鉄砲,4,待機
98,6,m36,131263,13,12,1365,432,6,鉄砲,3,守備
98,7,m37,181813,18,18,1185,648,1,足軽,3,守備
98,8,m38,191640,19,16,1149,576,4,猛者,0,乱戦
98,9,m39,182013,18,20,1185,720,1,足軽,3,守備
98,10,m40,102068,10,20,1473,720,6,鉄砲,8,迎撃
98,11,m41,181913,18,19,1185,684,1,足軽,3,守備
98,12,m42,191740,19,17,1149,612,4,猛者,0,乱戦
98,13,m43,101368,10,13,1473,468,6,鉄砲,8,迎撃
98,14,m44,071664,7,16,1581,576,6,鉄砲,4,待機
98,15,m45,170964,17,9,1221,324,6,鉄砲,4,待機
98,16,m46,181413,18,14,1185,504,1,足軽,3,守備
98,17,m47,172464,17,24,1221,864,6,鉄砲,4,待機
98,18,m48,191540,19,15,1149,540,4,猛者,0,乱戦
98,19,m49,181213,18,12,1185,432,1,足軽,3,守備
98,20,m50,171164,17,11,1221,396,6,鉄砲,4,待機
98,21,m51,141163,14,11,1329,396,6,鉄砲,3,守備
98,22,m52,131963,13,19,1365,684,6,鉄砲,3,守備
98,23,m53,180613,18,6,1185,216,1,足軽,3,守備
98,24,m54,172264,17,22,1221,792,6,鉄砲,4,待機
98,25,m55,171064,17,10,1221,360,6,鉄砲,4,待機
98,26,m56,172364,17,23,1221,828,6,鉄砲,4,待機
98,27,m57,142063,14,20,1329,720,6,鉄砲,3,守備
98,28,m58,181313,18,13,1185,468,1,足軽,3,守備
98,29,m59,182613,18,26,1185,936,1,足軽,3,守備
99,0,m30,111658,11,16,1437,576,5,軍師,8,迎撃
99,1,m31,181411,18,14,1185,504,1,足軽,1,突撃
99,2,m32,181711,18,17,1185,612,1,足軽,1,突撃
99,3,m33,071524,7,15,1581,540,2,弓兵,4,待機
99,4,m34,122018,12,20,1401,720,1,足軽,8,迎撃
99,5,m35,071724,7,17,1581,612,2,弓兵,4,待機
99,6,m36,121218,12,12,1401,432,1,足軽,8,迎撃
99,7,m37,191311,19,13,1149,468,1,足軽,1,突撃
99,8,m38,191811,19,18,1149,648,1,足軽,1,突撃
99,9,m39,201911,20,19,1113,684,1,足軽,1,突撃
99,10,m40,141624,14,16,1329,576,2,弓兵,4,待機
99,11,m41,141523,14,15,1329,540,2,弓兵,3,守備
99,12,m42,141723,14,17,1329,612,2,弓兵,3,守備
99,13,m43,081424,8,14,1545,504,2,弓兵,4,待機
99,14,m44,081824,8,18,1545,648,2,弓兵,4,待機
99,15,m45,171331,17,13,1221,468,3,武将,1,突撃
99,16,m46,201211,20,12,1113,432,1,足軽,1,突撃
99,17,m47,171931,17,19,1221,684,3,武将,1,突撃
99,18,m48,141958,14,19,1329,684,5,軍師,8,迎撃
99,19,m49,191540,19,15,1149,540,4,猛者,0,乱戦
99,20,m50,161458,16,14,1257,504,5,軍師,8,迎撃
99,21,m51,121358,12,13,1401,468,5,軍師,8,迎撃
99,22,m52,161858,16,18,1257,648,5,軍師,8,迎撃
99,23,m53,190971,19,9,1149,324,7,忍者,1,突撃
99,24,m54,192471,19,24,1149,864,7,忍者,1,突撃
99,25,m55,171164,17,11,1221,396,6,鉄砲,4,待機
99,26,m56,172264,17,22,1221,792,6,鉄砲,4,待機
99,27,m57,121958,12,19,1401,684,5,軍師,8,迎撃
99,28,m58,141358,14,13,1329,468,5,軍師,8,迎撃
99,29,m59,191640,19,16,1149,576,4,猛者,0,乱戦
100,0,m30,111633,11,16,1437,576,3,武将,3,守備
100,1,m31,191638,19,16,1149,576,3,武将,8,迎撃
100,2,m32,091533,9,15,1509,540,3,武将,3,守備
100,3,m33,071524,7,15,1581,540,2,弓兵,4,待機
100,4,m34,122018,12,20,1401,720,1,足軽,8,迎撃
100,5,m35,071724,7,17,1581,612,2,弓兵,4,待機
100,6,m36,121218,12,12,1401,432,1,足軽,8,迎撃
100,7,m37,191348,19,13,1149,468,4,猛者,8,迎撃
100,8,m38,081223,8,12,1545,432,2,弓兵,3,守備
100,9,m39,082023,8,20,1545,720,2,弓兵,3,守備
100,10,m40,141624,14,16,1329,576,2,弓兵,4,待機
100,11,m41,141523,14,15,1329,540,2,弓兵,3,守備
100,12,m42,141723,14,17,1329,612,2,弓兵,3,守備
100,13,m43,081424,8,14,1545,504,2,弓兵,4,待機
100,14,m44,081824,8,18,1545,648,2,弓兵,4,待機
100,15,m45,111331,11,13,1437,468,3,武将,1,突撃
100,16,m46,131438,13,14,1365,504,3,武将,8,迎撃
100,17,m47,111931,11,19,1437,684,3,武将,1,突撃
100,18,m48,171648,17,16,1221,576,4,猛者,8,迎撃
100,19,m49,191948,19,19,1149,684,4,猛者,8,迎撃
100,20,m50,141358,14,13,1329,468,5,軍師,8,迎撃
100,21,m51,121358,12,13,1401,468,5,軍師,8,迎撃
100,22,m52,141958,14,19,1329,684,5,軍師,8,迎撃
100,23,m53,131838,13,18,1365,648,3,武将,8,迎撃
100,24,m54,091733,9,17,1509,612,3,武将,3,守備
100,25,m55,141123,14,11,1329,396,2,弓兵,3,守備
100,26,m56,142123,14,21,1329,756,2,弓兵,3,守備
100,27,m57,121958,12,19,1401,684,5,軍師,8,迎撃
100,28,m58,181548,18,15,1185,540,4,猛者,8,迎撃
100,29,m59,181748,18,17,1185,612,4,猛者,8,迎撃
101,0,m30,101633,10,16,1473,576,3,武将,3,守備
101,1,m31,171631,17,16,1221,576,3,武将,1,突撃
101,2,m32,181621,18,16,1185,576,2,弓兵,1,突撃
101,3,m33,071524,7,15,1581,540,2,弓兵,4,待機
101,4,m34,091840,9,18,1509,648,4,猛者,0,乱戦
101,5,m35,071724,7,17,1581,612,2,弓兵,4,待機
101,6,m36,091440,9,14,1509,504,4,猛者,0,乱戦
101,7,m37,171423,17,14,1221,504,2,弓兵,3,守備
101,8,m38,171823,17,18,1221,648,2,弓兵,3,守備
101,9,m39,201940,20,19,1113,684,4,猛者,0,乱戦
101,10,m40,141624,14,16,1329,576,2,弓兵,4,待機
101,11,m41,141524,14,15,1329,540,2,弓兵,4,待機
101,12,m42,141724,14,17,1329,612,2,弓兵,4,待機
101,13,m43,071424,7,14,1581,504,2,弓兵,4,待機
101,14,m44,071824,7,18,1581,648,2,弓兵,4,待機
101,15,m45,131223,13,12,1365,432,2,弓兵,3,守備
101,16,m46,201340,20,13,1113,468,4,猛者,0,乱戦
101,17,m47,132023,13,20,1365,720,2,弓兵,3,守備
101,18,m48,221740,22,17,1041,612,4,猛者,0,乱戦
101,19,m49,211440,21,14,1077,504,4,猛者,0,乱戦
101,20,m50,141423,14,14,1329,504,2,弓兵,3,守備
101,21,m51,111440,11,14,1437,504,4,猛者,0,乱戦
101,22,m52,141823,14,18,1329,648,2,弓兵,3,守備
101,23,m53,191240,19,12,1149,432,4,猛者,0,乱戦
101,24,m54,192040,19,20,1149,720,4,猛者,0,乱戦
101,25,m55,171123,17,11,1221,396,2,弓兵,3,守備
101,26,m56,172223,17,22,1221,792,2,弓兵,3,守備
101,27,m57,111840,11,18,1437,648,4,猛者,0,乱戦
101,28,m58,221540,22,15,1041,540,4,猛者,0,乱戦
101,29,m59,211840,21,18,1077,648,4,猛者,0,乱戦
102,0,m30,101653,10,16,1473,576,5,軍師,3,守備
102,1,m31,152038,15,20,1293,720,3,武将,8,迎撃
102,2,m32,161678,16,16,1257,576,7,忍者,8,迎撃
102,3,m33,151238,15,12,1293,432,3,武将,8,迎撃
102,4,m34,122123,12,21,1401,756,2,弓兵,3,守備
102,5,m35,071513,7,15,1581,540,1,足軽,3,守備
102,6,m36,071710,7,17,1581,612,1,足軽,0,乱戦
102,7,m37,191940,19,19,1149,684,4,猛者,0,乱戦
102,8,m38,171518,17,15,1221,540,1,足軽,8,迎撃
102,9,m39,171718,17,17,1221,612,1,足軽,8,迎撃
102,10,m40,141624,14,16,1329,576,2,弓兵,4,待機
102,11,m41,141523,14,15,1329,540,2,弓兵,3,守備
102,12,m42,141723,14,17,1329,612,2,弓兵,3,守備
102,13,m43,081413,8,14,1545,504,1,足軽,3,守備
102,14,m44,071613,7,16,1581,576,1,足軽,3,守備
102,15,m45,101023,10,10,1473,360,2,弓兵,3,守備
102,16,m46,191340,19,13,1149,468,4,猛者,0,乱戦
102,17,m47,171418,17,14,1221,504,1,足軽,8,迎撃
102,18,m48,121923,12,19,1401,684,2,弓兵,3,守備
102,19,m49,101223,10,12,1473,432,2,弓兵,3,守備
102,20,m50,151158,15,11,1293,396,5,軍師,8,迎撃
102,21,m51,102123,10,21,1473,756,2,弓兵,3,守備
102,22,m52,152158,15,21,1293,756,5,軍師,8,迎撃
102,23,m53,191140,19,11,1149,396,4,猛者,0,乱戦
102,24,m54,121223,12,12,1401,432,2,弓兵,3,守備
102,25,m55,121023,12,10,1401,360,2,弓兵,3,守備
102,26,m56,192140,19,21,1149,756,4,猛者,0,乱戦
102,27,m57,081813,8,18,1545,648,1,足軽,3,守備
102,28,m58,171818,17,18,1221,648,1,足軽,8,迎撃
102,29,m59,101923,10,19,1473,684,2,弓兵,3,守備
103,0,m30,111678,11,16,1437,576,7,忍者,8,迎撃
103,1,m31,201471,20,14,1113,504,7,忍者,1,突撃
103,2,m32,201871,20,18,1113,648,7,忍者,1,突撃
103,3,m33,071524,7,15,1581,540,2,弓兵,4,待機
103,4,m34,071624,7,16,1581,576,2,弓兵,4,待機
103,5,m35,071724,7,17,1581,612,2,弓兵,4,待機
103,6,m36,081324,8,13,1545,468,2,弓兵,4,待機
103,7,m37,161611,16,16,1257,576,1,足軽,1,突撃
103,8,m38,221671,22,16,1041,576,7,忍者,1,突撃
103,9,m39,212271,21,22,1077,792,7,忍者,1,突撃
103,10,m40,141723,14,17,1329,612,2,弓兵,3,守備
103,11,m41,141523,14,15,1329,540,2,弓兵,3,守備
103,12,m42,111811,11,18,1437,648,1,足軽,1,突撃
103,13,m43,081424,8,14,1545,504,2,弓兵,4,待機
103,14,m44,081824,8,18,1545,648,2,弓兵,4,待機
103,15,m45,151211,15,12,1293,432,1,足軽,1,突撃
103,16,m46,211171,21,11,1077,396,7,忍者,1,突撃
103,17,m47,151911,15,19,1293,684,1,足軽,1,突撃
103,18,m48,211771,21,17,1077,612,7,忍者,1,突撃
103,19,m49,221071,22,10,1041,360,7,忍者,1,突撃
103,20,m50,151311,15,13,1293,468,1,足軽,1,突撃
103,21,m51,111411,11,14,1437,504,1,足軽,1,突撃
103,22,m52,151811,15,18,1293,648,1,足軽,1,突撃
103,23,m53,210971,21,9,1077,324,7,忍者,1,突撃
103,24,m54,222371,22,23,1041,828,7,忍者,1,突撃
103,25,m55,171023,17,10,1221,360,2,弓兵,3,守備
103,26,m56,172323,17,23,1221,828,2,弓兵,3,守備
103,27,m57,081924,8,19,1545,684,2,弓兵,4,待機
103,28,m58,211571,21,15,1077,540,7,忍者,1,突撃
103,29,m59,212471,21,24,1077,864,7,忍者,1,突撃
104,0,m30,111678,11,16,1437,576,7,忍者,8,迎撃
104,1,m31,171641,17,16,1221,576,4,猛者,1,突撃
104,2,m32,171711,17,17,1221,612,1,足軽,1,突撃
104,3,m33,071524,7,15,1581,540,2,弓兵,4,待機
104,4,m34,071624,7,16,1581,576,2,弓兵,4,待機
104,5,m35,071724,7,17,1581,612,2,弓兵,4,待機
104,6,m36,081324,8,13,1545,468,2,弓兵,4,待機
104,7,m37,171511,17,15,1221,540,1,足軽,1,突撃
104,8,m38,222871,22,28,1041,1008,7,忍者,1,突撃
104,9,m39,212271,21,22,1077,792,7,忍者,1,突撃
104,10,m40,141740,14,17,1329,612,4,猛者,0,乱戦
104,11,m41,141540,14,15,1329,540,4,猛者,0,乱戦
104,12,m42,111840,11,18,1437,648,4,猛者,0,乱戦
104,13,m43,081424,8,14,1545,504,2,弓兵,4,待機
104,14,m44,081824,8,18,1545,648,2,弓兵,4,待機
104,15,m45,151211,15,12,1293,432,1,足軽,1,突撃
104,16,m46,211171,21,11,1077,396,7,忍者,1,突撃
104,17,m47,151911,15,19,1293,684,1,足軽,1,突撃
104,18,m48,141664,14,16,1329,576,6,鉄砲,4,待機
104,19,m49,221071,22,10,1041,360,7,忍者,1,突撃
104,20,m50,151311,15,13,1293,468,1,足軽,1,突撃
104,21,m51,111440,11,14,1437,504,4,猛者,0,乱戦
104,22,m52,151811,15,18,1293,648,1,足軽,1,突撃
104,23,m53,210971,21,9,1077,324,7,忍者,1,突撃
104,24,m54,222371,22,23,1041,828,7,忍者,1,突撃
104,25,m55,171064,17,10,1221,360,6,鉄砲,4,待機
104,26,m56,172364,17,23,1221,828,6,鉄砲,4,待機
104,27,m57,081924,8,19,1545,684,2,弓兵,4,待機
104,28,m58,220571,22,5,1041,180,7,忍者,1,突撃
104,29,m59,212471,21,24,1077,864,7,忍者,1,突撃
105,0,m30,111678,11,16,1437,576,7,忍者,8,迎撃
105,1,m31,201540,20,15,1113,540,4,猛者,0,乱戦
105,2,m32,201640,20,16,1113,576,4,猛者,0,乱戦
105,3,m33,071524,7,15,1581,540,2,弓兵,4,待機
105,4,m34,071624,7,16,1581,576,2,弓兵,4,待機
105,5,m35,071724,7,17,1581,612,2,弓兵,4,待機
105,6,m36,091324,9,13,1509,468,2,弓兵,4,待機
105,7,m37,221640,22,16,1041,576,4,猛者,0,乱戦
105,8,m38,211840,21,18,1077,648,4,猛者,0,乱戦
105,9,m39,202871,20,28,1113,1008,7,忍者,1,突撃
105,10,m40,141740,14,17,1329,612,4,猛者,0,乱戦
105,11,m41,141540,14,15,1329,540,4,猛者,0,乱戦
105,12,m42,112138,11,21,1437,756,3,武将,8,迎撃
105,13,m43,081424,8,14,1545,504,2,弓兵,4,待機
105,14,m44,081824,8,18,1545,648,2,弓兵,4,待機
105,15,m45,161211,16,12,1257,432,1,足軽,1,突撃
105,16,m46,200571,20,5,1113,180,7,忍者,1,突撃
105,17,m47,161911,16,19,1257,684,1,足軽,1,突撃
105,18,m48,201740,20,17,1113,612,4,猛者,0,乱戦
105,19,m49,220771,22,7,1041,252,7,忍者,1,突撃
105,20,m50,151311,15,13,1293,468,1,足軽,1,突撃
105,21,m51,111138,11,11,1437,396,3,武将,8,迎撃
105,22,m52,151811,15,18,1293,648,1,足軽,1,突撃
105,23,m53,210671,21,6,1077,216,7,忍者,1,突撃
105,24,m54,222671,22,26,1041,936,7,忍者,1,突撃
105,25,m55,171064,17,10,1221,360,6,鉄砲,4,待機
105,26,m56,172364,17,23,1221,828,6,鉄砲,4,待機
105,27,m57,091924,9,19,1509,684,2,弓兵,4,待機
105,28,m58,211440,21,14,1077,504,4,猛者,0,乱戦
105,29,m59,212771,21,27,1077,972,7,忍者,1,突撃
106,0,m30,141663,14,16,1329,576,6,鉄砲,3,守備
106,1,m31,161333,16,13,1257,468,3,武将,3,守備
106,2,m32,161833,16,18,1257,648,3,武将,3,守備
106,3,m33,071564,7,15,1581,540,6,鉄砲,4,待機
106,4,m34,101668,10,16,1473,576,6,鉄砲,8,迎撃
106,5,m35,071764,7,17,1581,612,6,鉄砲,4,待機
106,6,m36,161263,16,12,1257,432,6,鉄砲,3,守備
106,7,m37,181843,18,18,1185,648,4,猛者,3,守備
106,8,m38,181643,18,16,1185,576,4,猛者,3,守備
106,9,m39,182043,18,20,1185,720,4,猛者,3,守備
106,10,m40,102068,10,20,1473,720,6,鉄砲,8,迎撃
106,11,m41,181943,18,19,1185,684,4,猛者,3,守備
106,12,m42,181743,18,17,1185,612,4,猛者,3,守備
106,13,m43,101368,10,13,1473,468,6,鉄砲,8,迎撃
106,14,m44,071664,7,16,1581,576,6,鉄砲,4,待機
106,15,m45,170964,17,9,1221,324,6,鉄砲,4,待機
106,16,m46,181443,18,14,1185,504,4,猛者,3,守備
106,17,m47,172464,17,24,1221,864,6,鉄砲,4,待機
106,18,m48,181543,18,15,1185,540,4,猛者,3,守備
106,19,m49,181243,18,12,1185,432,4,猛者,3,守備
106,20,m50,171164,17,11,1221,396,6,鉄砲,4,待機
106,21,m51,161163,16,11,1257,396,6,鉄砲,3,守備
106,22,m52,161963,16,19,1257,684,6,鉄砲,3,守備
106,23,m53,180643,18,6,1185,216,4,猛者,3,守備
106,24,m54,172264,17,22,1221,792,6,鉄砲,4,待機
106,25,m55,171064,17,10,1221,360,6,鉄砲,4,待機
106,26,m56,172364,17,23,1221,828,6,鉄砲,4,待機
106,27,m57,162063,16,20,1257,720,6,鉄砲,3,守備
106,28,m58,181343,18,13,1185,468,4,猛者,3,守備
106,29,m59,182643,18,26,1185,936,4,猛者,3,守備
107,0,m30,141663,14,16,1329,576,6,鉄砲,3,守備
107,1,m31,141333,14,13,1329,468,3,武将,3,守備
107,2,m32,141833,14,18,1329,648,3,武将,3,守備
107,3,m33,071564,7,15,1581,540,6,鉄砲,4,待機
107,4,m34,101668,10,16,1473,576,6,鉄砲,8,迎撃
107,5,m35,071764,7,17,1581,612,6,鉄砲,4,待機
107,6,m36,131263,13,12,1365,432,6,鉄砲,3,守備
107,7,m37,181813,18,18,1185,648,1,足軽,3,守備
107,8,m38,191640,19,16,1149,576,4,猛者,0,乱戦
107,9,m39,182013,18,20,1185,720,1,足軽,3,守備
107,10,m40,102068,10,20,1473,720,6,鉄砲,8,迎撃
107,11,m41,181913,18,19,1185,684,1,足軽,3,守備
107,12,m42,191740,19,17,1149,612,4,猛者,0,乱戦
107,13,m43,101368,10,13,1473,468,6,鉄砲,8,迎撃
107,14,m44,071664,7,16,1581,576,6,鉄砲,4,待機
107,15,m45,170964,17,9,1221,324,6,鉄砲,4,待機
107,16,m46,181413,18,14,1185,504,1,足軽,3,守備
107,17,m47,172464,17,24,1221,864,6,鉄砲,4,待機
107,18,m48,191540,19,15,1149,540,4,猛者,0,乱戦
107,19,m49,181213,18,12,1185,432,1,足軽,3,守備
107,20,m50,171164,17,11,1221,396,6,鉄砲,4,待機
107,21,m51,141163,14,11,1329,396,6,鉄砲,3,守備
107,22,m52,131963,13,19,1365,684,6,鉄砲,3,守備
107,23,m53,180613,18,6,1185,216,1,足軽,3,守備
107,24,m54,172264,17,22,1221,792,6,鉄砲,4,待機
107,25,m55,171064,17,10,1221,360,6,鉄砲,4,待機
107,26,m56,172364,17,23,1221,828,6,鉄砲,4,待機
107,27,m57,142063,14,20,1329,720,6,鉄砲,3,守備
107,28,m58,181313,18,13,1185,468,1,足軽,3,守備
107,29,m59,182613,18,26,1185,936,1,足軽,3,守備
108,0,m30,111633,11,16,1437,576,3,武将,3,守備
108,1,m31,181411,18,14,1185,504,1,足軽,1,突撃
108,2,m32,181711,18,17,1185,612,1,足軽,1,突撃
108,3,m33,071524,7,15,1581,540,2,弓兵,4,待機
108,4,m34,102040,10,20,1473,720,4,猛者,0,乱戦
108,5,m35,071724,7,17,1581,612,2,弓兵,4,待機
108,6,m36,101240,10,12,1473,432,4,猛者,0,乱戦
108,7,m37,200771,20,7,1113,252,7,忍者,1,突撃
108,8,m38,202671,20,26,1113,936,7,忍者,1,突撃
108,9,m39,212771,21,27,1077,972,7,忍者,1,突撃
108,10,m40,141623,14,16,1329,576,2,弓兵,3,守備
108,11,m41,141523,14,15,1329,540,2,弓兵,3,守備
108,12,m42,141723,14,17,1329,612,2,弓兵,3,守備
108,13,m43,081440,8,14,1545,504,4,猛者,0,乱戦
108,14,m44,081840,8,18,1545,648,4,猛者,0,乱戦
108,15,m45,151138,15,11,1293,396,3,武将,8,迎撃
108,16,m46,210671,21,6,1077,216,7,忍者,1,突撃
108,17,m47,152238,15,22,1293,792,3,武将,8,迎撃
108,18,m48,181640,18,16,1185,576,4,猛者,0,乱戦
108,19,m49,190871,19,8,1149,288,7,忍者,1,突撃
108,20,m50,111140,11,11,1437,396,4,猛者,0,乱戦
108,21,m51,111558,11,15,1437,540,5,軍師,8,迎撃
108,22,m52,112140,11,21,1437,756,4,猛者,0,乱戦
108,23,m53,220571,22,5,1041,180,7,忍者,1,突撃
108,24,m54,222871,22,28,1041,1008,7,忍者,1,突撃
108,25,m55,150940,15,9,1293,324,4,猛者,0,乱戦
108,26,m56,152440,15,24,1293,864,4,猛者,0,乱戦
108,27,m57,111758,11,17,1437,612,5,軍師,8,迎撃
108,28,m58,181540,18,15,1185,540,4,猛者,0,乱戦
108,29,m59,192571,19,25,1149,900,7,忍者,1,突撃
109,0,m30,121458,12,14,1401,504,5,軍師,8,迎撃
109,1,m31,121858,12,18,1401,648,5,軍師,8,迎撃
109,2,m32,151858,15,18,1293,648,5,軍師,8,迎撃
109,3,m33,071511,7,15,1581,540,1,足軽,1,突撃
109,4,m34,081823,8,18,1545,648,2,弓兵,3,守備
109,5,m35,071711,7,17,1581,612,1,足軽,1,突撃
109,6,m36,081323,8,13,1545,468,2,弓兵,3,守備
109,7,m37,141158,14,11,1329,396,5,軍師,8,迎撃
109,8,m38,142258,14,22,1329,792,5,軍師,8,迎撃
109,9,m39,162258,16,22,1257,792,5,軍師,8,迎撃
109,10,m40,141623,14,16,1329,576,2,弓兵,3,守備
109,11,m41,141523,14,15,1329,540,2,弓兵,3,守備
109,12,m42,141723,14,17,1329,612,2,弓兵,3,守備
109,13,m43,081423,8,14,1545,504,2,弓兵,3,守備
109,14,m44,071611,7,16,1581,576,1,足軽,1,突撃
109,15,m45,141331,14,13,1329,468,3,武将,1,突撃
109,16,m46,161158,16,11,1257,396,5,軍師,8,迎撃
109,17,m47,141931,14,19,1329,684,3,武将,1,突撃
109,18,m48,191640,19,16,1149,576,4,猛者,0,乱戦
109,19,m49,211440,21,14,1077,504,4,猛者,0,乱戦
109,20,m50,151358,15,13,1293,468,5,軍師,8,迎撃
109,21,m51,121258,12,12,1401,432,5,軍師,8,迎撃
109,22,m52,081923,8,19,1545,684,2,弓兵,3,守備
109,23,m53,220571,22,5,1041,180,7,忍者,1,突撃
109,24,m54,222871,22,28,1041,1008,7,忍者,1,突撃
109,25,m55,171164,17,11,1221,396,6,鉄砲,4,待機
109,26,m56,172264,17,22,1221,792,6,鉄砲,4,待機
109,27,m57,122058,12,20,1401,720,5,軍師,8,迎撃
109,28,m58,161658,16,16,1257,576,5,軍師,8,迎撃
109,29,m59,211840,21,18,1077,648,4,猛者,0,乱戦
110,0,m30,111681,11,16,1437,576,8,騎馬,1,突撃
110,1,m31,111758,11,17,1437,612,5,軍師,8,迎撃
110,2,m32,111558,11,15,1437,540,5,軍師,8,迎撃
110,3,m33,171671,17,16,1221,576,7,忍者,1,突撃
110,4,m34,191081,19,10,1149,360,8,騎馬,1,突撃
110,5,m35,071714,7,17,1581,612,1,足軽,4,待機
110,6,m36,162333,16,23,1257,828,3,武将,3,守備
110,7,m37,161338,16,13,1257,468,3,武将,8,迎撃
110,8,m38,192440,19,24,1149,864,4,猛者,0,乱戦
110,9,m39,192281,19,22,1149,792,8,騎馬,1,突撃
110,10,m40,141623,14,16,1329,576,2,弓兵,3,守備
110,11,m41,161033,16,10,1257,360,3,武将,3,守備
110,12,m42,161931,16,19,1257,684,3,武将,1,突撃
110,13,m43,081423,8,14,1545,504,2,弓兵,3,守備
110,14,m44,081823,8,18,1545,648,2,弓兵,3,守備
110,15,m45,171023,17,10,1221,360,2,弓兵,3,守備
110,16,m46,190940,19,9,1149,324,4,猛者,0,乱戦
110,17,m47,172223,17,22,1221,792,2,弓兵,3,守備
110,18,m48,161640,16,16,1257,576,4,猛者,0,乱戦
110,19,m49,191181,19,11,1149,396,8,騎馬,1,突撃
110,20,m50,171123,17,11,1221,396,2,弓兵,3,守備
110,21,m51,131328,13,13,1365,468,2,弓兵,8,迎撃
110,22,m52,161740,16,17,1257,612,4,猛者,0,乱戦
110,23,m53,131928,13,19,1365,684,2,弓兵,8,迎撃
110,24,m54,172423,17,24,1221,864,2,弓兵,3,守備
110,25,m55,170923,17,9,1221,324,2,弓兵,3,守備
110,26,m56,172323,17,23,1221,828,2,弓兵,3,守備
110,27,m57,071514,7,15,1581,540,1,足軽,4,待機
110,28,m58,161540,16,15,1257,540,4,猛者,0,乱戦
110,29,m59,192381,19,23,1149,828,8,騎馬,1,突撃
111,0,m30,101733,10,17,1473,612,3,武将,3,守備
111,1,m31,101538,10,15,1473,540,3,武将,8,迎撃
111,2,m32,122858,12,28,1401,1008,5,軍師,8,迎撃
111,3,m33,220771,22,7,1041,252,7,忍者,1,突撃
111,4,m34,122023,12,20,1401,720,2,弓兵,3,守備
111,5,m35,071614,7,16,1581,576,1,足軽,4,待機
111,6,m36,121223,12,12,1401,432,2,弓兵,3,守備
111,7,m37,171023,17,10,1221,360,2,弓兵,3,守備
111,8,m38,172423,17,24,1221,864,2,弓兵,3,守備
111,9,m39,172323,17,23,1221,828,2,弓兵,3,守備
111,10,m40,141623,14,16,1329,576,2,弓兵,3,守備
111,11,m41,141523,14,15,1329,540,2,弓兵,3,守備
111,12,m42,141723,14,17,1329,612,2,弓兵,3,守備
111,13,m43,071514,7,15,1581,540,1,足軽,4,待機
111,14,m44,071714,7,17,1581,612,1,足軽,4,待機
111,15,m45,161033,16,10,1257,360,3,武将,3,守備
111,16,m46,170923,17,9,1221,324,2,弓兵,3,守備
111,17,m47,162333,16,23,1257,828,3,武将,3,守備
111,18,m48,151823,15,18,1293,648,2,弓兵,3,守備
111,19,m49,200571,20,5,1113,180,7,忍者,1,突撃
111,20,m50,151233,15,12,1293,432,3,武将,3,守備
111,21,m51,121323,12,13,1401,468,2,弓兵,3,守備
111,22,m52,151933,15,19,1293,684,3,武将,3,守備
111,23,m53,210671,21,6,1077,216,7,忍者,1,突撃
111,24,m54,210871,21,8,1077,288,7,忍者,1,突撃
111,25,m55,171123,17,11,1221,396,2,弓兵,3,守備
111,26,m56,172223,17,22,1221,792,2,弓兵,3,守備
111,27,m57,121923,12,19,1401,684,2,弓兵,3,守備
111,28,m58,151323,15,13,1293,468,2,弓兵,3,守備
111,29,m59,200971,20,9,1113,324,7,忍者,1,突撃
112,0,m30,111658,11,16,1437,576,5,軍師,8,迎撃
112,1,m31,181411,18,14,1185,504,1,足軽,1,突撃
112,2,m32,181711,18,17,1185,612,1,足軽,1,突撃
112,3,m33,071524,7,15,1581,540,2,弓兵,4,待機
112,4,m34,122018,12,20,1401,720,1,足軽,8,迎撃
112,5,m35,071724,7,17,1581,612,2,弓兵,4,待機
112,6,m36,121218,12,12,1401,432,1,足軽,8,迎撃
112,7,m37,191311,19,13,1149,468,1,足軽,1,突撃
112,8,m38,191811,19,18,1149,648,1,足軽,1,突撃
112,9,m39,201911,20,19,1113,684,1,足軽,1,突撃
112,10,m40,141624,14,16,1329,576,2,弓兵,4,待機
112,11,m41,141523,14,15,1329,540,2,弓兵,3,守備
112,12,m42,141723,14,17,1329,612,2,弓兵,3,守備
112,13,m43,081424,8,14,1545,504,2,弓兵,4,待機
112,14,m44,081824,8,18,1545,648,2,弓兵,4,待機
112,15,m45,171331,17,13,1221,468,3,武将,1,突撃
112,16,m46,201211,20,12,1113,432,1,足軽,1,突撃
112,17,m47,171931,17,19,1221,684,3,武将,1,突撃
112,18,m48,141958,14,19,1329,684,5,軍師,8,迎撃
112,19,m49,191540,19,15,1149,540,4,猛者,0,乱戦
112,20,m50,161458,16,14,1257,504,5,軍師,8,迎撃
112,21,m51,121358,12,13,1401,468,5,軍師,8,迎撃
112,22,m52,161858,16,18,1257,648,5,軍師,8,迎撃
112,23,m53,190971,19,9,1149,324,7,忍者,1,突撃
112,24,m54,192471,19,24,1149,864,7,忍者,1,突撃
112,25,m55,171164,17,11,1221,396,6,鉄砲,4,待機
112,26,m56,172264,17,22,1221,792,6,鉄砲,4,待機
112,27,m57,121958,12,19,1401,684,5,軍師,8,迎撃
112,28,m58,141358,14,13,1329,468,5,軍師,8,迎撃
112,29,m59,191640,19,16,1149,576,4,猛者,0,乱戦
113,0,m30,111658,11,16,1437,576,5,軍師,8,迎撃
113,1,m31,111558,11,15,1437,540,5,軍師,8,迎撃
113,2,m32,071673,7,16,1581,576,7,忍者,3,守備
113,3,m33,071513,7,15,1581,540,1,足軽,3,守備
113,4,m34,122058,12,20,1401,720,5,軍師,8,迎撃
113,5,m35,071713,7,17,1581,612,1,足軽,3,守備
113,6,m36,121258,12,12,1401,432,5,軍師,8,迎撃
113,7,m37,171218,17,12,1221,432,1,足軽,8,迎撃
113,8,m38,171918,17,19,1221,684,1,足軽,8,迎撃
113,9,m39,172223,17,22,1221,792,2,弓兵,3,守備
113,10,m40,141664,14,16,1329,576,6,鉄砲,4,待機
113,11,m41,141564,14,15,1329,540,6,鉄砲,4,待機
113,12,m42,141764,14,17,1329,612,6,鉄砲,4,待機
113,13,m43,071413,7,14,1581,504,1,足軽,3,守備
113,14,m44,071823,7,18,1581,648,2,弓兵,3,守備
113,15,m45,161238,16,12,1257,432,3,武将,8,迎撃
113,16,m46,171123,17,11,1221,396,2,弓兵,3,守備
113,17,m47,162038,16,20,1257,720,3,武将,8,迎撃
113,18,m48,172118,17,21,1221,756,1,足軽,8,迎撃
113,19,m49,171418,17,14,1221,504,1,足軽,8,迎撃
113,20,m50,161458,16,14,1257,504,5,軍師,8,迎撃
113,21,m51,121358,12,13,1401,468,5,軍師,8,迎撃
113,22,m52,161858,16,18,1257,648,5,軍師,8,迎撃
113,23,m53,171023,17,10,1221,360,2,弓兵,3,守備
113,24,m54,172423,17,24,1221,864,2,弓兵,3,守備
113,25,m55,170923,17,9,1221,324,2,弓兵,3,守備
113,26,m56,172323,17,23,1221,828,2,弓兵,3,守備
113,27,m57,121958,12,19,1401,684,5,軍師,8,迎撃
113,28,m58,171318,17,13,1221,468,1,足軽,8,迎撃
113,29,m59,172018,17,20,1221,720,1,足軽,8,迎撃
114,0,m30,201681,20,16,1113,576,8,騎馬,1,突撃
114,1,m31,111658,11,16,1437,576,5,軍師,8,迎撃
114,2,m32,220571,22,5,1041,180,7,忍者,1,突撃
114,3,m33,222871,22,28,1041,1008,7,忍者,1,突撃
114,4,m34,122018,12,20,1401,720,1,足軽,8,迎撃
114,5,m35,071624,7,16,1581,576,2,弓兵,4,待機
114,6,m36,121218,12,12,1401,432,1,足軽,8,迎撃
114,7,m37,201311,20,13,1113,468,1,足軽,1,突撃
114,8,m38,221581,22,15,1041,540,8,騎馬,1,突撃
114,9,m39,201911,20,19,1113,684,1,足軽,1,突撃
114,10,m40,141623,14,16,1329,576,2,弓兵,3,守備
114,11,m41,141523,14,15,1329,540,2,弓兵,3,守備
114,12,m42,141723,14,17,1329,612,2,弓兵,3,守備
114,13,m43,071524,7,15,1581,540,2,弓兵,4,待機
114,14,m44,071724,7,17,1581,612,2,弓兵,4,待機
114,15,m45,171331,17,13,1221,468,3,武将,1,突撃
114,16,m46,221781,22,17,1041,612,8,騎馬,1,突撃
114,17,m47,171931,17,19,1221,684,3,武将,1,突撃
114,18,m48,221881,22,18,1041,648,8,騎馬,1,突撃
114,19,m49,221040,22,10,1041,360,4,猛者,0,乱戦
114,20,m50,121438,12,14,1401,504,3,武将,8,迎撃
114,21,m51,121328,12,13,1401,468,2,弓兵,8,迎撃
114,22,m52,121838,12,18,1401,648,3,武将,8,迎撃
114,23,m53,181540,18,15,1185,540,4,猛者,0,乱戦
114,24,m54,181740,18,17,1185,612,4,猛者,0,乱戦
114,25,m55,171123,17,11,1221,396,2,弓兵,3,守備
114,26,m56,172223,17,22,1221,792,2,弓兵,3,守備
114,27,m57,121928,12,19,1401,684,2,弓兵,8,迎撃
114,28,m58,221481,22,14,1041,504,8,騎馬,1,突撃
114,29,m59,222240,22,22,1041,792,4,猛者,0,乱戦
115,0,m30,111633,11,16,1437,576,3,武将,3,守備
115,1,m31,202338,20,23,1113,828,3,武将,8,迎撃
115,2,m32,201058,20,10,1113,360,5,軍師,8,迎撃
115,3,m33,071524,7,15,1581,540,2,弓兵,4,待機
115,4,m34,091723,9,17,1509,612,2,弓兵,3,守備
115,5,m35,071624,7,16,1581,576,2,弓兵,4,待機
115,6,m36,091338,9,13,1509,468,3,武将,8,迎撃
115,7,m37,201128,20,11,1113,396,2,弓兵,8,迎撃
115,8,m38,200928,20,9,1113,324,2,弓兵,8,迎撃
115,9,m39,222248,22,22,1041,792,4,猛者,8,迎撃
115,10,m40,091933,9,19,1509,684,3,武将,3,守備
115,11,m41,221148,22,11,1041,396,4,猛者,8,迎撃
115,12,m42,190938,19,9,1149,324,3,武将,8,迎撃
115,13,m43,091523,9,15,1509,540,2,弓兵,3,守備
115,14,m44,071724,7,17,1581,612,2,弓兵,4,待機
115,15,m45,192238,19,22,1149,792,3,武将,8,迎撃
115,16,m46,200828,20,8,1113,288,2,弓兵,8,迎撃
115,17,m47,192438,19,24,1149,864,3,武将,8,迎撃
115,18,m48,202448,20,24,1113,864,4,猛者,8,迎撃
115,19,m49,202548,20,25,1113,900,4,猛者,8,迎撃
115,20,m50,191138,19,11,1149,396,3,武将,8,迎撃
115,21,m51,091613,9,16,1509,576,1,足軽,3,守備
115,22,m52,201228,20,12,1113,432,2,弓兵,8,迎撃
115,23,m53,220948,22,9,1041,324,4,猛者,8,迎撃
115,24,m54,222448,22,24,1041,864,4,猛者,8,迎撃
115,25,m55,141564,14,15,1329,540,6,鉄砲,4,待機
115,26,m56,141764,14,17,1329,612,6,鉄砲,4,待機
115,27,m57,141633,14,16,1329,576,3,武将,3,守備
115,28,m58,202148,20,21,1113,756,4,猛者,8,迎撃
115,29,m59,202248,20,22,1113,792,4,猛者,8,迎撃
116,0,m30,131658,13,16,1365,576,5,軍師,8,迎撃
116,1,m31,121638,12,16,1401,576,3,武将,8,迎撃
116,2,m32,211638,21,16,1077,576,3,武将,8,迎撃
116,3,m33,221771,22,17,1041,612,7,忍者,1,突撃
116,4,m34,221871,22,18,1041,648,7,忍者,1,突撃
116,5,m35,221440,22,14,1041,504,4,猛者,0,乱戦
116,6,m36,221540,22,15,1041,540,4,猛者,0,乱戦
116,7,m37,211411,21,14,1077,504,1,足軽,1,突撃
116,8,m38,201711,20,17,1113,612,1,足軽,1,突撃
116,9,m39,211811,21,18,1077,648,1,足軽,1,突撃
116,10,m40,201511,20,15,1113,540,1,足軽,1,突撃
116,11,m41,201864,20,18,1113,648,6,鉄砲,4,待機
116,12,m42,201423,20,14,1113,504,2,弓兵,3,守備
116,13,m43,141523,14,15,1329,540,2,弓兵,3,守備
116,14,m44,071514,7,15,1581,540,1,足軽,4,待機
116,15,m45,081423,8,14,1545,504,2,弓兵,3,守備
116,16,m46,081623,8,16,1545,576,2,弓兵,3,守備
116,17,m47,081823,8,18,1545,648,2,弓兵,3,守備
116,18,m48,121758,12,17,1401,612,5,軍師,8,迎撃
116,19,m49,091523,9,15,1509,540,2,弓兵,3,守備
116,20,m50,071614,7,16,1581,576,1,足軽,4,待機
116,21,m51,121358,12,13,1401,468,5,軍師,8,迎撃
116,22,m52,121958,12,19,1401,684,5,軍師,8,迎撃
116,23,m53,200681,20,6,1113,216,8,騎馬,1,突撃
116,24,m54,091723,9,17,1509,612,2,弓兵,3,守備
116,25,m55,141623,14,16,1329,576,2,弓兵,3,守備
116,26,m56,141723,14,17,1329,612,2,弓兵,3,守備
116,27,m57,121558,12,15,1401,540,5,軍師,8,迎撃
116,28,m58,071714,7,17,1581,612,1,足軽,4,待機
116,29,m59,202681,20,26,1113,936,8,騎馬,1,突撃
117,0,m30,111638,11,16,1437,576,3,武将,8,迎撃
117,1,m31,221533,22,15,1041,540,3,武将,3,守備
117,2,m32,221640,22,16,1041,576,4,猛者,0,乱戦
117,3,m33,071524,7,15,1581,540,2,弓兵,4,待機
117,4,m34,171318,17,13,1221,468,1,足軽,8,迎撃
117,5,m35,071724,7,17,1581,612,2,弓兵,4,待機
117,6,m36,161638,16,16,1257,576,3,武将,8,迎撃
117,7,m37,212271,21,22,1077,792,7,忍者,1,突撃
117,8,m38,171164,17,11,1221,396,6,鉄砲,4,待機
117,9,m39,212671,21,26,1077,936,7,忍者,1,突撃
117,10,m40,171718,17,17,1221,612,1,足軽,8,迎撃
117,11,m41,141564,14,15,1329,540,6,鉄砲,4,待機
117,12,m42,141764,14,17,1329,612,6,鉄砲,4,待機
117,13,m43,081464,8,14,1545,504,6,鉄砲,4,待機
117,14,m44,081864,8,18,1545,648,6,鉄砲,4,待機
117,15,m45,212471,21,24,1077,864,7,忍者,1,突撃
117,16,m46,210871,21,8,1077,288,7,忍者,1,突撃
117,17,m47,181618,18,16,1185,576,1,足軽,8,迎撃
117,18,m48,211740,21,17,1077,612,4,猛者,0,乱戦
117,19,m49,221340,22,13,1041,468,4,猛者,0,乱戦
117,20,m50,171064,17,10,1221,360,6,鉄砲,4,待機
117,21,m51,171511,17,15,1221,540,1,足軽,1,突撃
117,22,m52,171918,17,19,1221,684,1,足軽,8,迎撃
117,23,m53,211071,21,10,1077,360,7,忍者,1,突撃
117,24,m54,172364,17,23,1221,828,6,鉄砲,4,待機
117,25,m55,210671,21,6,1077,216,7,忍者,1,突撃
117,26,m56,172264,17,22,1221,792,6,鉄砲,4,待機
117,27,m57,141664,14,16,1329,576,6,鉄砲,4,待機
117,28,m58,211440,21,14,1077,504,4,猛者,0,乱戦
117,29,m59,221840,22,18,1041,648,4,猛者,0,乱戦
118,0,m30,171640,17,16,1221,576,4,猛者,0,乱戦
118,1,m31,171440,17,14,1221,504,4,猛者,0,乱戦
118,2,m32,171871,17,18,1221,648,7,忍者,1,突撃
118,3,m33,071524,7,15,1581,540,2,弓兵,4,待機
118,4,m34,091840,9,18,1509,648,4,猛者,0,乱戦
118,5,m35,071724,7,17,1581,612,2,弓兵,4,待機
118,6,m36,091440,9,14,1509,504,4,猛者,0,乱戦
118,7,m37,180740,18,7,1185,252,4,猛者,0,乱戦
118,8,m38,182540,18,25,1185,900,4,猛者,0,乱戦
118,9,m39,201940,20,19,1113,684,4,猛者,0,乱戦
118,10,m40,141624,14,16,1329,576,2,弓兵,4,待機
118,11,m41,141524,14,15,1329,540,2,弓兵,4,待機
118,12,m42,141724,14,17,1329,612,2,弓兵,4,待機
118,13,m43,071424,7,14,1581,504,2,弓兵,4,待機
118,14,m44,071824,7,18,1581,648,2,弓兵,4,待機
118,15,m45,131223,13,12,1365,432,2,弓兵,3,守備
118,16,m46,201340,20,13,1113,468,4,猛者,0,乱戦
118,17,m47,132023,13,20,1365,720,2,弓兵,3,守備
118,18,m48,221740,22,17,1041,612,4,猛者,0,乱戦
118,19,m49,211440,21,14,1077,504,4,猛者,0,乱戦
118,20,m50,141423,14,14,1329,504,2,弓兵,3,守備
118,21,m51,111440,11,14,1437,504,4,猛者,0,乱戦
118,22,m52,141823,14,18,1329,648,2,弓兵,3,守備
118,23,m53,191240,19,12,1149,432,4,猛者,0,乱戦
118,24,m54,192040,19,20,1149,720,4,猛者,0,乱戦
118,25,m55,171123,17,11,1221,396,2,弓兵,3,守備
118,26,m56,172223,17,22,1221,792,2,弓兵,3,守備
118,27,m57,111840,11,18,1437,648,4,猛者,0,乱戦
118,28,m58,221540,22,15,1041,540,4,猛者,0,乱戦
118,29,m59,211840,21,18,1077,648,4,猛者,0,乱戦
119,0,m30,171640,17,16,1221,576,4,猛者,0,乱戦
119,1,m31,171440,17,14,1221,504,4,猛者,0,乱戦
119,2,m32,171840,17,18,1221,648,4,猛者,0,乱戦
119,3,m33,071524,7,15,1581,540,2,弓兵,4,待機
119,4,m34,091840,9,18,1509,648,4,猛者,0,乱戦
119,5,m35,071724,7,17,1581,612,2,弓兵,4,待機
119,6,m36,091440,9,14,1509,504,4,猛者,0,乱戦
119,7,m37,180740,18,7,1185,252,4,猛者,0,乱戦
119,8,m38,182540,18,25,1185,900,4,猛者,0,乱戦
119,9,m39,201940,20,19,1113,684,4,猛者,0,乱戦
119,10,m40,141624,14,16,1329,576,2,弓兵,4,待機
119,11,m41,141524,14,15,1329,540,2,弓兵,4,待機
119,12,m42,141724,14,17,1329,612,2,弓兵,4,待機
119,13,m43,071424,7,14,1581,504,2,弓兵,4,待機
119,14,m44,071824,7,18,1581,648,2,弓兵,4,待機
119,15,m45,131223,13,12,1365,432,2,弓兵,3,守備
119,16,m46,201340,20,13,1113,468,4,猛者,0,乱戦
119,17,m47,132023,13,20,1365,720,2,弓兵,3,守備
119,18,m48,221740,22,17,1041,612,4,猛者,0,乱戦
119,19,m49,211440,21,14,1077,504,4,猛者,0,乱戦
119,20,m50,141423,14,14,1329,504,2,弓兵,3,守備
119,21,m51,111440,11,14,1437,504,4,猛者,0,乱戦
119,22,m52,141823,14,18,1329,648,2,弓兵,3,守備
119,23,m53,191240,19,12,1149,432,4,猛者,0,乱戦
119,24,m54,192040,19,20,1149,720,4,猛者,0,乱戦
119,25,m55,171123,17,11,1221,396,2,弓兵,3,守備
119,26,m56,172223,17,22,1221,792,2,弓兵,3,守備
119,27,m57,111840,11,18,1437,648,4,猛者,0,乱戦
119,28,m58,221540,22,15,1041,540,4,猛者,0,乱戦
119,29,m59,211840,21,18,1077,648,4,猛者,0,乱戦
120,0,m30,091653,9,16,1509,576,5,軍師,3,守備
120,1,m31,171440,17,14,1221,504,4,猛者,0,乱戦
120,2,m32,171840,17,18,1221,648,4,猛者,0,乱戦
120,3,m33,071564,7,15,1581,540,6,鉄砲,4,待機
120,4,m34,091840,9,18,1509,648,4,猛者,0,乱戦
120,5,m35,071764,7,17,1581,612,6,鉄砲,4,待機
120,6,m36,091440,9,14,1509,504,4,猛者,0,乱戦
120,7,m37,180740,18,7,1185,252,4,猛者,0,乱戦
120,8,m38,182540,18,25,1185,900,4,猛者,0,乱戦
120,9,m39,201940,20,19,1113,684,4,猛者,0,乱戦
120,10,m40,141664,14,16,1329,576,6,鉄砲,4,待機
120,11,m41,141564,14,15,1329,540,6,鉄砲,4,待機
120,12,m42,141764,14,17,1329,612,6,鉄砲,4,待機
120,13,m43,071464,7,14,1581,504,6,鉄砲,4,待機
120,14,m44,071864,7,18,1581,648,6,鉄砲,4,待機
120,15,m45,131223,13,12,1365,432,2,弓兵,3,守備
120,16,m46,201340,20,13,1113,468,4,猛者,0,乱戦
120,17,m47,132023,13,20,1365,720,2,弓兵,3,守備
120,18,m48,221740,22,17,1041,612,4,猛者,0,乱戦
120,19,m49,211440,21,14,1077,504,4,猛者,0,乱戦
120,20,m50,141464,14,14,1329,504,6,鉄砲,4,待機
120,21,m51,111440,11,14,1437,504,4,猛者,0,乱戦
120,22,m52,141864,14,18,1329,648,6,鉄砲,4,待機
120,23,m53,191240,19,12,1149,432,4,猛者,0,乱戦
120,24,m54,192040,19,20,1149,720,4,猛者,0,乱戦
120,25,m55,171164,17,11,1221,396,6,鉄砲,4,待機
120,26,m56,172264,17,22,1221,792,6,鉄砲,4,待機
120,27,m57,111840,11,18,1437,648,4,猛者,0,乱戦
120,28,m58,221540,22,15,1041,540,4,猛者,0,乱戦
120,29,m59,211840,21,18,1077,648,4,猛者,0,乱戦
121,0,m30,171978,17,19,1221,684,7,忍者,8,迎撃
121,1,m31,171371,17,13,1221,468,7,忍者,1,突撃
121,2,m32,171711,17,17,1221,612,1,足軽,1,突撃
121,3,m33,071524,7,15,1581,540,2,弓兵,4,待機
121,4,m34,071624,7,16,1581,576,2,弓兵,4,待機
121,5,m35,071724,7,17,1581,612,2,弓兵,4,待機
121,6,m36,081324,8,13,1545,468,2,弓兵,4,待機
121,7,m37,171511,17,15,1221,540,1,足軽,1,突撃
121,8,m38,161640,16,16,1257,576,4,猛者,0,乱戦
121,9,m39,212671,21,26,1077,936,7,忍者,1,突撃
121,10,m40,141723,14,17,1329,612,2,弓兵,3,守備
121,11,m41,141523,14,15,1329,540,2,弓兵,3,守備
121,12,m42,111840,11,18,1437,648,4,猛者,0,乱戦
121,13,m43,081424,8,14,1545,504,2,弓兵,4,待機
121,14,m44,081824,8,18,1545,648,2,弓兵,4,待機
121,15,m45,151211,15,12,1293,432,1,足軽,1,突撃
121,16,m46,210771,21,7,1077,252,7,忍者,1,突撃
121,17,m47,151911,15,19,1293,684,1,足軽,1,突撃
121,18,m48,161838,16,18,1257,648,3,武将,8,迎撃
121,19,m49,220671,22,6,1041,216,7,忍者,1,突撃
121,20,m50,151311,15,13,1293,468,1,足軽,1,突撃
121,21,m51,111440,11,14,1437,504,4,猛者,0,乱戦
121,22,m52,151811,15,18,1293,648,1,足軽,1,突撃
121,23,m53,210571,21,5,1077,180,7,忍者,1,突撃
121,24,m54,222771,22,27,1041,972,7,忍者,1,突撃
121,25,m55,171023,17,10,1221,360,2,弓兵,3,守備
121,26,m56,172323,17,23,1221,828,2,弓兵,3,守備
121,27,m57,081924,8,19,1545,684,2,弓兵,4,待機
121,28,m58,161438,16,14,1257,504,3,武将,8,迎撃
121,29,m59,212871,21,28,1077,1008,7,忍者,1,突撃
122,0,m30,121653,12,16,1401,576,5,軍師,3,守備
122,1,m31,161638,16,16,1257,576,3,武将,8,迎撃
122,2,m32,091658,9,16,1509,576,5,軍師,8,迎撃
122,3,m33,122138,12,21,1401,756,3,武将,8,迎撃
122,4,m34,132053,13,20,1365,720,5,軍師,3,守備
122,5,m35,071513,7,15,1581,540,1,足軽,3,守備
122,6,m36,071710,7,17,1581,612,1,足軽,0,乱戦
122,7,m37,191843,19,18,1149,648,4,猛者,3,守備
122,8,m38,081664,8,16,1545,576,6,鉄砲,4,待機
122,9,m39,121238,12,12,1401,432,3,武将,8,迎撃
122,10,m40,141664,14,16,1329,576,6,鉄砲,4,待機
122,11,m41,141564,14,15,1329,540,6,鉄砲,4,待機
122,12,m42,141764,14,17,1329,612,6,鉄砲,4,待機
122,13,m43,081464,8,14,1545,504,6,鉄砲,4,待機
122,14,m44,071613,7,16,1581,576,1,足軽,3,守備
122,15,m45,130753,13,7,1365,252,5,軍師,3,守備
122,16,m46,191443,19,14,1149,504,4,猛者,3,守備
122,17,m47,171164,17,11,1221,396,6,鉄砲,4,待機
122,18,m48,131853,13,18,1365,648,5,軍師,3,守備
122,19,m49,131153,13,11,1365,396,5,軍師,3,守備
122,20,m50,151158,15,11,1293,396,5,軍師,8,迎撃
122,21,m51,132253,13,22,1365,792,5,軍師,3,守備
122,22,m52,152158,15,21,1293,756,5,軍師,8,迎撃
122,23,m53,191243,19,12,1149,432,4,猛者,3,守備
122,24,m54,131353,13,13,1365,468,5,軍師,3,守備
122,25,m55,130953,13,9,1365,324,5,軍師,3,守備
122,26,m56,192043,19,20,1149,720,4,猛者,3,守備
122,27,m57,081864,8,18,1545,648,6,鉄砲,4,待機
122,28,m58,172264,17,22,1221,792,6,鉄砲,4,待機
122,29,m59,132453,13,24,1365,864,5,軍師,3,守備
123,0,m30,111633,11,16,1437,576,3,武将,3,守備
123,1,m31,151238,15,12,1293,432,3,武将,8,迎撃
123,2,m32,152038,15,20,1293,720,3,武将,8,迎撃
123,3,m33,071524,7,15,1581,540,2,弓兵,4,待機
123,4,m34,122018,12,20,1401,720,1,足軽,8,迎撃
123,5,m35,071724,7,17,1581,612,2,弓兵,4,待機
123,6,m36,121218,12,12,1401,432,1,足軽,8,迎撃
123,7,m37,181218,18,12,1185,432,1,足軽,8,迎撃
123,8,m38,181918,18,19,1185,684,1,足軽,8,迎撃
123,9,m39,182018,18,20,1185,720,1,足軽,8,迎撃
123,10,m40,141664,14,16,1329,576,6,鉄砲,4,待機
123,11,m41,141564,14,15,1329,540,6,鉄砲,4,待機
123,12,m42,141764,14,17,1329,612,6,鉄砲,4,待機
123,13,m43,081424,8,14,1545,504,2,弓兵,4,待機
123,14,m44,081824,8,18,1545,648,2,弓兵,4,待機
123,15,m45,141313,14,13,1329,468,1,足軽,3,守備
123,16,m46,181318,18,13,1185,468,1,足軽,8,迎撃
123,17,m47,141913,14,19,1329,684,1,足軽,3,守備
123,18,m48,171648,17,16,1221,576,4,猛者,8,迎撃
123,19,m49,181448,18,14,1185,504,4,猛者,8,迎撃
123,20,m50,161458,16,14,1257,504,5,軍師,8,迎撃
123,21,m51,121358,12,13,1401,468,5,軍師,8,迎撃
123,22,m52,161858,16,18,1257,648,5,軍師,8,迎撃
123,23,m53,191078,19,10,1149,360,7,忍者,8,迎撃
123,24,m54,192378,19,23,1149,828,7,忍者,8,迎撃
123,25,m55,171164,17,11,1221,396,6,鉄砲,4,待機
123,26,m56,172264,17,22,1221,792,6,鉄砲,4,待機
123,27,m57,121958,12,19,1401,684,5,軍師,8,迎撃
123,28,m58,171548,17,15,1221,540,4,猛者,8,迎撃
123,29,m59,181748,18,17,1185,612,4,猛者,8,迎撃
124,0,m30,111633,11,16,1437,576,3,武将,3,守備
124,1,m31,171438,17,14,1221,504,3,武将,8,迎撃
124,2,m32,171838,17,18,1221,648,3,武将,8,迎撃
124,3,m33,071524,7,15,1581,540,2,弓兵,4,待機
124,4,m34,122018,12,20,1401,720,1,足軽,8,迎撃
124,5,m35,071724,7,17,1581,612,2,弓兵,4,待機
124,6,m36,121218,12,12,1401,432,1,足軽,8,迎撃
124,7,m37,191311,19,13,1149,468,1,足軽,1,突撃
124,8,m38,192011,19,20,1149,720,1,足軽,1,突撃
124,9,m39,191911,19,19,1149,684,1,足軽,1,突撃
124,10,m40,141624,14,16,1329,576,2,弓兵,4,待機
124,11,m41,141523,14,15,1329,540,2,弓兵,3,守備
124,12,m42,141723,14,17,1329,612,2,弓兵,3,守備
124,13,m43,081424,8,14,1545,504,2,弓兵,4,待機
124,14,m44,081824,8,18,1545,648,2,弓兵,4,待機
124,15,m45,181340,18,13,1185,468,4,猛者,0,乱戦
124,16,m46,191211,19,12,1149,432,1,足軽,1,突撃
124,17,m47,181940,18,19,1185,684,4,猛者,0,乱戦
124,18,m48,201740,20,17,1113,612,4,猛者,0,乱戦
124,19,m49,201240,20,12,1113,432,4,猛者,0,乱戦
124,20,m50,161458,16,14,1257,504,5,軍師,8,迎撃
124,21,m51,121358,12,13,1401,468,5,軍師,8,迎撃
124,22,m52,161858,16,18,1257,648,5,軍師,8,迎撃
124,23,m53,201040,20,10,1113,360,4,猛者,0,乱戦
124,24,m54,202340,20,23,1113,828,4,猛者,0,乱戦
124,25,m55,171164,17,11,1221,396,6,鉄砲,4,待機
124,26,m56,172264,17,22,1221,792,6,鉄砲,4,待機
124,27,m57,121958,12,19,1401,684,5,軍師,8,迎撃
124,28,m58,201540,20,15,1113,540,4,猛者,0,乱戦
124,29,m59,202140,20,21,1113,756,4,猛者,0,乱戦
125,0,m30,161538,16,15,1257,540,3,武将,8,迎撃
125,1,m31,201031,20,10,1113,360,3,武将,1,突撃
125,2,m32,202331,20,23,1113,828,3,武将,1,突撃
125,3,m33,161738,16,17,1257,612,3,武将,8,迎撃
125,4,m34,171164,17,11,1221,396,6,鉄砲,4,待機
125,5,m35,071743,7,17,1581,612,4,猛者,3,守備
125,6,m36,171448,17,14,1221,504,4,猛者,8,迎撃
125,7,m37,210940,21,9,1077,324,4,猛者,0,乱戦
125,8,m38,212440,21,24,1077,864,4,猛者,0,乱戦
125,9,m39,212240,21,22,1077,792,4,猛者,0,乱戦
125,10,m40,171648,17,16,1221,576,4,猛者,8,迎撃
125,11,m41,141523,14,15,1329,540,2,弓兵,3,守備
125,12,m42,141723,14,17,1329,612,2,弓兵,3,守備
125,13,m43,071643,7,16,1581,576,4,猛者,3,守備
125,14,m44,071543,7,15,1581,540,4,猛者,3,守備
125,15,m45,191064,19,10,1149,360,6,鉄砲,4,待機
125,16,m46,161948,16,19,1257,684,4,猛者,8,迎撃
125,17,m47,192264,19,22,1149,792,6,鉄砲,4,待機
125,18,m48,211140,21,11,1077,396,4,猛者,0,乱戦
125,19,m49,220940,22,9,1041,324,4,猛者,0,乱戦
125,20,m50,190961,19,9,1149,324,6,鉄砲,1,突撃
125,21,m51,172264,17,22,1221,792,6,鉄砲,4,待機
125,22,m52,192461,19,24,1149,864,6,鉄砲,1,突撃
125,23,m53,161348,16,13,1257,468,4,猛者,8,迎撃
125,24,m54,222440,22,24,1041,864,4,猛者,0,乱戦
125,25,m55,191161,19,11,1149,396,6,鉄砲,1,突撃
125,26,m56,192361,19,23,1149,828,6,鉄砲,1,突撃
125,27,m57,171848,17,18,1221,648,4,猛者,8,迎撃
125,28,m58,221140,22,11,1041,396,4,猛者,0,乱戦
125,29,m59,222240,22,22,1041,792,4,猛者,0,乱戦
126,0,m30,071633,7,16,1581,576,3,武将,3,守備
126,1,m31,212331,21,23,1077,828,3,武将,1,突撃
126,2,m32,111633,11,16,1437,576,3,武将,3,守備
126,3,m33,111938,11,19,1437,684,3,武将,8,迎撃
126,4,m34,111338,11,13,1437,468,3,武将,8,迎撃
126,5,m35,211031,21,10,1077,360,3,武将,1,突撃
126,6,m36,141358,14,13,1329,468,5,軍師,8,迎撃
126,7,m37,221171,22,11,1041,396,7,忍者,1,突撃
126,8,m38,131248,13,12,1365,432,4,猛者,8,迎撃
126,9,m39,212541,21,25,1077,900,4,猛者,1,突撃
126,10,m40,071763,7,17,1581,612,6,鉄砲,3,守備
126,11,m41,141564,14,15,1329,540,6,鉄砲,4,待機
126,12,m42,141764,14,17,1329,612,6,鉄砲,4,待機
126,13,m43,071413,7,14,1581,504,1,足軽,3,守備
126,14,m44,071813,7,18,1581,648,1,足軽,3,守備
126,15,m45,081843,8,18,1545,648,4,猛者,3,守備
126,16,m46,220971,22,9,1041,324,7,忍者,1,突撃
126,17,m47,132048,13,20,1365,720,4,猛者,8,迎撃
126,18,m48,222241,22,22,1041,792,4,猛者,1,突撃
126,19,m49,211271,21,12,1077,432,7,忍者,1,突撃
126,20,m50,081443,8,14,1545,504,4,猛者,3,守備
126,21,m51,121358,12,13,1401,468,5,軍師,8,迎撃
126,22,m52,141958,14,19,1329,684,5,軍師,8,迎撃
126,23,m53,210871,21,8,1077,288,7,忍者,1,突撃
126,24,m54,071563,7,15,1581,540,6,鉄砲,3,守備
126,25,m55,141148,14,11,1329,396,4,猛者,8,迎撃
126,26,m56,142148,14,21,1329,756,4,猛者,8,迎撃
126,27,m57,121958,12,19,1401,684,5,軍師,8,迎撃
126,28,m58,222441,22,24,1041,864,4,猛者,1,突撃
126,29,m59,212141,21,21,1077,756,4,猛者,1,突撃
127,0,m30,101633,10,16,1473,576,3,武将,3,守備
127,1,m31,151258,15,12,1293,432,5,軍師,8,迎撃
127,2,m32,152058,15,20,1293,720,5,軍師,8,迎撃
127,3,m33,161648,16,16,1257,576,4,猛者,8,迎撃
127,4,m34,121653,12,16,1401,576,5,軍師,3,守備
127,5,m35,211331,21,13,1077,468,3,武将,1,突撃
127,6,m36,211931,21,19,1077,684,3,武将,1,突撃
127,7,m37,081613,8,16,1545,576,1,足軽,3,守備
127,8,m38,201840,20,18,1113,648,4,猛者,0,乱戦
127,9,m39,222040,22,20,1041,720,4,猛者,0,乱戦
127,10,m40,141664,14,16,1329,576,6,鉄砲,4,待機
127,11,m41,141564,14,15,1329,540,6,鉄砲,4,待機
127,12,m42,141764,14,17,1329,612,6,鉄砲,4,待機
127,13,m43,071664,7,16,1581,576,6,鉄砲,4,待機
127,14,m44,071764,7,17,1581,612,6,鉄砲,4,待機
127,15,m45,111513,11,15,1437,540,1,足軽,3,守備
127,16,m46,201240,20,12,1113,432,4,猛者,0,乱戦
127,17,m47,202040,20,20,1113,720,4,猛者,0,乱戦
127,18,m48,221440,22,14,1041,504,4,猛者,0,乱戦
127,19,m49,221240,22,12,1041,432,4,猛者,0,乱戦
127,20,m50,101218,10,12,1473,432,1,足軽,8,迎撃
127,21,m51,071564,7,15,1581,540,6,鉄砲,4,待機
127,22,m52,111713,11,17,1437,612,1,足軽,3,守備
127,23,m53,161578,16,15,1257,540,7,忍者,8,迎撃
127,24,m54,161778,16,17,1257,612,7,忍者,8,迎撃
127,25,m55,171164,17,11,1221,396,6,鉄砲,4,待機
127,26,m56,172264,17,22,1221,792,6,鉄砲,4,待機
127,27,m57,102018,10,20,1473,720,1,足軽,8,迎撃
127,28,m58,201440,20,14,1113,504,4,猛者,0,乱戦
127,29,m59,221840,22,18,1041,648,4,猛者,0,乱戦
128,0,m30,111638,11,16,1437,576,3,武将,8,迎撃
128,1,m31,101613,10,16,1473,576,1,足軽,3,守備
128,2,m32,081733,8,17,1545,612,3,武将,3,守備
128,3,m33,192331,19,23,1149,828,3,武将,1,突撃
128,4,m34,141638,14,16,1329,576,3,武将,8,迎撃
128,5,m35,191038,19,10,1149,360,3,武将,8,迎撃
128,6,m36,171638,17,16,1221,576,3,武将,8,迎撃
128,7,m37,202531,20,25,1113,900,3,武将,1,突撃
128,8,m38,202131,20,21,1113,756,3,武将,1,突撃
128,9,m39,081533,8,15,1545,540,3,武将,3,守備
128,10,m40,190858,19,8,1149,288,5,軍師,8,迎撃
128,11,m41,191258,19,12,1149,432,5,軍師,8,迎撃
128,12,m42,200838,20,8,1113,288,3,武将,8,迎撃
128,13,m43,201238,20,12,1113,432,3,武将,8,迎撃
128,14,m44,212331,21,23,1077,828,3,武将,1,突撃
128,15,m45,211048,21,10,1077,360,4,猛者,8,迎撃
128,16,m46,121948,12,19,1401,684,4,猛者,8,迎撃
128,17,m47,202341,20,23,1113,828,4,猛者,1,突撃
128,18,m48,071764,7,17,1581,612,6,鉄砲,4,待機
128,19,m49,171768,17,17,1221,612,6,鉄砲,8,迎撃
128,20,m50,071664,7,16,1581,576,6,鉄砲,4,待機
128,21,m51,141564,14,15,1329,540,6,鉄砲,4,待機
128,22,m52,121348,12,13,1401,468,4,猛者,8,迎撃
128,23,m53,171568,17,15,1221,540,6,鉄砲,8,迎撃
128,24,m54,212241,21,22,1077,792,4,猛者,1,突撃
128,25,m55,141764,14,17,1329,612,6,鉄砲,4,待機
128,26,m56,212441,21,24,1077,864,4,猛者,1,突撃
128,27,m57,101348,10,13,1473,468,4,猛者,8,迎撃
128,28,m58,101948,10,19,1473,684,4,猛者,8,迎撃
128,29,m59,071564,7,15,1581,540,6,鉄砲,4,待機
129,0,m30,081633,8,16,1545,576,3,武将,3,守備
129,1,m31,101634,10,16,1473,576,3,武将,4,待機
129,2,m32,081833,8,18,1545,648,3,武将,3,守備
129,3,m33,121233,12,12,1401,432,3,武将,3,守備
129,4,m34,081534,8,15,1545,540,3,武将,4,待機
129,5,m35,122033,12,20,1401,720,3,武将,3,守備
129,6,m36,161743,16,17,1257,612,4,猛者,3,守備
129,7,m37,161543,16,15,1257,540,4,猛者,3,守備
129,8,m38,102233,10,22,1473,792,3,武将,3,守備
129,9,m39,110571,11,5,1437,180,7,忍者,1,突撃
129,10,m40,090571,9,5,1509,180,7,忍者,1,突撃
129,11,m41,101953,10,19,1473,684,5,軍師,3,守備
129,12,m42,101353,10,13,1473,468,5,軍師,3,守備
129,13,m43,101033,10,10,1473,360,3,武将,3,守備
129,14,m44,141663,14,16,1329,576,6,鉄砲,3,守備
129,15,m45,141563,14,15,1329,540,6,鉄砲,3,守備
129,16,m46,141764,14,17,1329,612,6,鉄砲,4,待機
129,17,m47,071464,7,14,1581,504,6,鉄砲,4,待機
129,18,m48,071764,7,17,1581,612,6,鉄砲,4,待機
129,19,m49,071664,7,16,1581,576,6,鉄砲,4,待機
129,20,m50,121663,12,16,1401,576,6,鉄砲,3,守備
129,21,m51,071864,7,18,1581,648,6,鉄砲,4,待機
129,22,m52,071564,7,15,1581,540,6,鉄砲,4,待機
129,23,m53,072811,7,28,1581,1008,1,足軽,1,突撃
129,24,m54,121823,12,18,1401,648,2,弓兵,3,守備
129,25,m55,081734,8,17,1545,612,3,武将,4,待機
129,26,m56,161640,16,16,1257,576,4,猛者,0,乱戦
129,27,m57,121453,12,14,1401,504,5,軍師,3,守備
129,28,m58,071964,7,19,1581,684,6,鉄砲,4,待機
129,29,m59,070571,7,5,1581,180,7,忍者,1,突撃
130,0,m30,221681,22,16,1041,576,8,騎馬,1,突撃
130,1,m31,181640,18,16,1185,576,4,猛者,0,乱戦
130,2,m32,191840,19,18,1149,648,4,猛者,0,乱戦
130,3,m33,071564,7,15,1581,540,6,鉄砲,4,待機
130,4,m34,122013,12,20,1401,720,1,足軽,3,守備
130,5,m35,071764,7,17,1581,612,6,鉄砲,4,待機
130,6,m36,121213,12,12,1401,432,1,足軽,3,守備
130,7,m37,191340,19,13,1149,468,4,猛者,0,乱戦
130,8,m38,211781,21,17,1077,612,8,騎馬,1,突撃
130,9,m39,212681,21,26,1077,936,8,騎馬,1,突撃
130,10,m40,141624,14,16,1329,576,2,弓兵,4,待機
130,11,m41,171064,17,10,1221,360,6,鉄砲,4,待機
130,12,m42,172364,17,23,1221,828,6,鉄砲,4,待機
130,13,m43,081424,8,14,1545,504,2,弓兵,4,待機
130,14,m44,081824,8,18,1545,648,2,弓兵,4,待機
130,15,m45,170631,17,6,1221,216,3,武将,1,突撃
130,16,m46,210581,21,5,1077,180,8,騎馬,1,突撃
130,17,m47,172731,17,27,1221,972,3,武将,1,突撃
130,18,m48,211581,21,15,1077,540,8,騎馬,1,突撃
130,19,m49,210781,21,7,1077,252,8,騎馬,1,突撃
130,20,m50,161438,16,14,1257,504,3,武将,8,迎撃
130,21,m51,121313,12,13,1401,468,1,足軽,3,守備
130,22,m52,161838,16,18,1257,648,3,武将,8,迎撃
130,23,m53,220681,22,6,1041,216,8,騎馬,1,突撃
130,24,m54,222781,22,27,1041,972,8,騎馬,1,突撃
130,25,m55,171164,17,11,1221,396,6,鉄砲,4,待機
130,26,m56,172264,17,22,1221,792,6,鉄砲,4,待機
130,27,m57,121913,12,19,1401,684,1,足軽,3,守備
130,28,m58,071634,7,16,1581,576,3,武将,4,待機
130,29,m59,212881,21,28,1077,1008,8,騎馬,1,突撃
